date,Viewers,release,topic_0_sentiment,topic_1_sentiment,topic_2_sentiment,topic_3_sentiment,topic_4_sentiment,Players,Positive reviews,Negative reviews,Followers
2024-05-04,265082.0,0,0.19056666666666666,0.4683351351351351,0.11855999999999998,-0.1444975,-0.14053181818181817,,,,
2024-05-05,251475.0,0,0.1353225806451613,0.4826206896551724,0.3871290322580645,-0.02959761904761905,-0.0909,107196.0,1430.0,-326.0,772.0
2024-05-06,119133.0,0,0.18939655172413794,0.31769677419354836,0.23321935483870967,-0.17920263157894736,-0.06677777777777777,-9745.0,1066.0,-320.0,713.0
2024-05-07,236692.0,1,0.3137,0.5649185185185185,0.03315714285714285,-0.2865943396226415,-0.23256,-26884.0,948.0,-305.0,644.0
2024-05-08,283427.0,0,0.2713615384615385,0.44041714285714284,0.272792,-0.13660270270270272,-0.18289583333333334,73306.0,1940.0,-551.0,660.0
2024-05-09,270464.0,1,0.2708035714285714,0.569139393939394,0.1147558823529412,-0.160492,-0.24284999999999998,-535.0,1123.0,-347.0,715.0
2024-05-10,304366.0,0,0.10194347826086957,0.42637419354838707,0.17957083333333332,-0.2647078947368421,0.08937500000000001,-12558.0,599.0,-138.0,744.0
2024-05-11,263005.0,0,0.08672307692307692,0.35145853658536585,0.21886666666666665,-0.06421020408163265,-0.09833599999999999,66314.0,1283.0,-336.0,657.0
2024-05-12,291117.0,0,0.28613333333333335,0.402065625,0.19445806451612904,-0.23670555555555556,0.03971666666666665,-39892.0,1479.0,-329.0,837.0
2024-05-13,127384.0,0,0.20293333333333333,0.5146521739130435,0.10210344827586207,-0.20545757575757576,0.10815000000000001,-97757.0,1184.0,-310.0,730.0
2024-05-14,173798.0,0,0.15426538461538464,0.49037096774193545,0.13097241379310345,-0.17294054054054053,-0.044675000000000006,-19346.0,1086.0,-273.0,686.0
2024-05-15,182945.0,0,0.15781739130434785,0.35813225806451615,0.11449166666666666,-0.037973076923076915,-0.2408,66492.0,1441.0,-466.0,628.0
2024-05-16,208415.0,0,0.342175,0.6088857142857143,0.14750344827586206,-0.12697368421052632,-0.08366060606060605,-41890.0,604.0,-230.0,685.0
2024-05-17,152370.0,0,0.1933952380952381,0.40458,-0.025913043478260865,-0.1111878787878788,-0.15788571428571427,28350.0,994.0,-290.0,625.0
2024-05-18,168440.0,0,0.2854945945945946,0.43549032258064513,0.3786421052631579,-0.03302682926829267,0.13754117647058825,9074.0,1354.0,-332.0,767.0
2024-05-19,220927.0,0,0.14645,0.48976875,0.12322820512820513,-0.021874285714285718,-0.006125000000000003,-49692.0,1345.0,-328.0,849.0
2024-05-20,172765.0,0,0.3947652173913043,0.45575,0.1267625,-0.17115128205128205,-0.09045999999999998,-119729.0,1048.0,-265.0,653.0
2024-05-21,141050.0,0,0.06617222222222223,0.6545727272727273,0.09445714285714286,-0.22239487179487183,0.14060714285714287,12705.0,1507.0,-460.0,581.0
2024-05-22,143676.0,0,0.24144230769230768,0.59595,0.17079642857142857,-0.12647142857142857,0.21323125,111975.0,-89.0,-37.0,616.0
2024-05-23,220333.0,3,0.18206250000000002,0.45779729729729735,0.21698648648648647,-0.12852264150943396,-0.01694615384615384,-85111.0,1862.0,-534.0,620.0
2024-05-24,169927.0,1,0.30246999999999996,0.5165790697674418,0.22433846153846154,-0.25011818181818185,0.02341724137931035,63427.0,1921.0,-506.0,853.0
2024-05-25,93385.0,0,0.21623214285714284,0.4844703703703704,0.0798774193548387,-0.12721666666666667,-0.17131666666666667,81894.0,890.0,-205.0,893.0
2024-05-26,85433.0,0,0.36395185185185186,0.37184285714285714,0.1658238095238095,-0.1689439024390244,-0.14559615384615385,19978.0,1334.0,-377.0,731.0
2024-05-27,265027.0,0,0.36492500000000005,0.4166193548387097,0.12241724137931034,-0.19677027027027028,-0.05520588235294117,-61464.0,1143.0,-324.0,619.0
2024-05-28,260669.0,0,0.013933333333333325,0.5294,0.20708275862068964,-0.20043333333333335,0.050741176470588234,-23202.0,1052.0,-299.0,660.0
2024-05-29,302134.0,1,0.30351428571428574,0.5791904761904763,0.08184736842105264,-0.14269574468085106,0.01685384615384616,55819.0,1655.0,-471.0,629.0
2024-05-30,178872.0,0,0.28471875,0.48916296296296297,0.1774206896551724,-0.28353333333333336,-0.17115,-77787.0,553.0,-138.0,718.0
2024-05-31,265885.0,0,0.3091714285714286,0.4798703703703704,-0.05704347826086956,-0.13722,0.07435909090909092,50778.0,1027.0,-323.0,659.0
2024-06-01,320085.0,0,0.04000666666666666,0.510835294117647,-0.00959230769230769,-0.1827475,0.025253846153846148,-21009.0,1286.0,-309.0,846.0
2024-06-02,582483.0,0,0.3249318181818182,0.36522432432432433,0.14025925925925925,-0.09714473684210527,-0.11812307692307691,-13170.0,1101.0,-367.0,791.0
2024-06-03,87631.0,0,0.07928499999999998,0.47065,-0.023730000000000008,-0.19426428571428572,-0.163455,-95104.0,1605.0,-532.0,655.0
2024-06-04,113243.0,1,0.14679999999999999,0.416990625,0.20984375,-0.2139578125,-0.19675555555555557,42407.0,986.0,-368.0,636.0
2024-06-05,163680.0,0,0.08378571428571428,0.4755268292682927,0.038403448275862076,-0.19351960784313726,-0.11080625,86698.0,588.0,-177.0,673.0
2024-06-06,209117.0,0,0.019061904761904756,0.4934,0.032244827586206885,-0.15698775510204083,0.07519230769230771,-63022.0,1157.0,-459.0,601.0
2024-06-07,141543.0,0,0.14883636363636363,0.49011785714285716,0.01886969696969697,-0.17274499999999998,-0.04064347826086955,-25452.0,1029.0,-407.0,645.0
2024-06-08,186532.0,0,0.28442083333333334,0.361396875,0.201440625,-0.19381363636363638,-0.11716,9226.0,1237.0,-378.0,690.0
2024-06-09,167831.0,0,0.08306521739130435,0.4317677419354839,0.270685,-0.2934227272727273,-0.10524705882352942,68638.0,1390.0,-354.0,700.0
2024-06-10,111013.0,1,0.17595,0.36367241379310344,0.12150606060606062,-0.1535363636363636,-0.1990666666666667,-80696.0,2362.0,-620.0,781.0
2024-06-11,102513.0,1,0.06974137931034483,0.4246142857142857,0.09936896551724139,-0.17028214285714285,-0.15797727272727272,11928.0,639.0,-120.0,708.0
2024-06-12,289035.0,0,0.1625923076923077,0.46505483870967745,0.021646428571428573,-0.11878478260869565,-0.21344285714285713,-1404.0,2419.0,-576.0,741.0
2024-06-13,311819.0,0,0.1288294117647059,0.5219878787878788,0.123656,-0.2933208333333333,-0.2039705882352941,1847.0,467.0,-85.0,679.0
2024-06-14,295029.0,1,0.25501875,0.3818682926829269,0.23124102564102564,-0.14006410256410257,-0.07189615384615385,49911.0,1600.0,-306.0,723.0
2024-06-15,375208.0,0,0.3194192307692308,0.43071428571428577,0.31000571428571433,-0.20143333333333335,-0.1160875,38860.0,2471.0,-298.0,758.0
2024-06-16,513092.0,0,0.10635500000000002,0.43137931034482757,0.00022500000000000298,-0.13415227272727273,0.22257,-35497.0,1825.0,-386.0,730.0
2024-06-17,88154.0,0,0.11356999999999999,0.5648133333333334,0.07815555555555556,-0.11429600000000001,0.09376315789473684,-14146.0,2239.0,-677.0,728.0
2024-06-18,87822.0,0,0.20642592592592593,0.42660714285714285,0.14679545454545453,-0.18120444444444445,-0.15204166666666666,-21707.0,600.0,-144.0,0.0
2024-06-19,87944.0,0,0.13405882352941176,0.41632553191489363,0.05134117647058824,-0.11367924528301886,-0.08803703703703702,-6077.0,2414.0,-609.0,0.0
2024-06-20,86726.0,0,0.13812857142857143,0.4606096774193548,0.1328896551724138,-0.22328431372549018,0.3006615384615384,-16419.0,1547.0,-415.0,3555.0
2024-06-21,94136.0,1,0.13206666666666667,0.5181242424242424,0.23442083333333333,-0.18406046511627908,-0.2031166666666667,22953.0,549.0,-174.0,591.0
2024-06-22,59113.0,0,0.27475,0.47068888888888893,0.2608464285714286,-0.34799166666666664,0.10595909090909092,-4341.0,1264.0,-301.0,856.0
2024-06-23,61757.0,0,0.044939999999999994,0.4682147058823529,0.21177222222222222,-0.06301025641025641,-0.20652083333333335,-26063.0,1413.0,-351.0,737.0
2024-06-24,75401.0,0,0.25158947368421053,0.5782379310344827,0.14891785714285713,-0.2947090909090909,0.08046842105263159,-30463.0,1262.0,-319.0,660.0
2024-06-25,92576.0,2,0.224012,0.4753928571428571,0.12500384615384613,-0.16400208333333333,0.086116,-23017.0,1154.0,-274.0,735.0
2024-06-26,92863.0,2,0.008916216216216223,0.5088820512820512,0.08788571428571429,-0.19082098765432098,-0.07854166666666666,29246.0,-2360.0,-882.0,1195.0
2024-06-27,76052.0,1,0.29369999999999996,0.3740322580645162,0.25569743589743593,-0.25696444444444444,0.14770000000000003,-41112.0,1796.0,-426.0,978.0
2024-06-28,66951.0,0,0.33783529411764707,0.41190000000000004,0.11312758620689654,-0.15016470588235295,-0.224265,34426.0,756.0,-110.0,1138.0
2024-06-29,60985.0,0,0.19025925925925927,0.42473235294117645,0.18428666666666665,-0.17884285714285714,-0.2062344827586207,-15265.0,1883.0,-288.0,1283.0
2024-06-30,65663.0,0,0.25608,0.4002272727272727,0.197468,-0.2654195652173913,-5.3333333333342264e-05,-46527.0,1875.0,-315.0,1176.0
2024-07-01,97437.0,0,0.09185,0.6017586206896552,0.2303074074074074,-0.2325825,-0.1589695652173913,-81654.0,2771.0,-452.0,978.0
2024-07-02,89226.0,1,0.10540294117647059,0.5545818181818182,-0.024490322580645162,-0.42426159999999996,-0.06732413793103448,1906.0,915.0,-137.0,945.0
2024-07-03,109112.0,0,0.1891925925925926,0.4802642857142857,0.027882608695652178,-0.20171875000000003,-0.07497333333333332,45689.0,1730.0,-343.0,1016.0
2024-07-04,92643.0,0,0.329844,0.411051282051282,0.13536333333333334,-0.20939,-0.06253,-33302.0,1531.0,-313.0,957.0
2024-07-05,79909.0,0,0.3679454545454545,0.5538583333333333,0.14926774193548387,-0.22417222222222222,0.027644999999999992,6028.0,1490.0,-387.0,909.0
2024-07-06,84863.0,0,0.20773999999999998,0.47965151515151516,0.15657575757575756,-0.23845625,0.06660434782608696,14547.0,1428.0,-288.0,924.0
2024-07-07,94427.0,0,0.15096874999999998,0.47309999999999997,0.08935277777777778,-0.31498,0.054096551724137944,11421.0,1313.0,-302.0,945.0
2024-07-08,114453.0,0,0.03892068965517241,0.5600555555555555,0.16276969696969698,-0.3074882352941176,-0.005095652173913042,-66360.0,1320.0,-313.0,1003.0
2024-07-09,98737.0,0,0.22378181818181817,0.4651441176470588,0.175952,-0.24987105263157897,0.047265,-12230.0,1560.0,-264.0,927.0
2024-07-10,94679.0,0,0.20530263157894738,0.3956027027027027,0.22958857142857145,-0.004530303030303036,0.1347142857142857,44886.0,2357.0,-575.0,919.0
2024-07-11,95544.0,0,0.14832692307692308,0.41502727272727274,0.2926066666666667,-0.1943,0.18777826086956523,-30244.0,666.0,-151.0,1040.0
2024-07-12,93275.0,1,0.323190625,0.4510523809523809,0.2608675,-0.14568444444444445,0.06002916666666667,-19046.0,1586.0,-375.0,842.0
2024-07-13,75903.0,0,0.11185454545454547,0.38785806451612903,0.07424583333333333,-0.28700588235294117,-0.13824615384615385,35764.0,1470.0,-367.0,612.0
2024-07-14,64469.0,0,0.2632933333333333,0.5027103448275863,0.11075675675675675,-0.22958695652173913,-0.001012000000000004,27410.0,1352.0,-432.0,662.0
2024-07-15,72588.0,0,0.2381304347826087,0.4539971428571429,0.18732333333333334,-0.20961315789473683,0.14448500000000003,-51332.0,1275.0,-342.0,636.0
2024-07-16,92645.0,1,0.28968000000000005,0.5154411764705882,0.20254242424242422,-0.1241279069767442,0.0074933333333333406,-3863.0,1204.0,-348.0,720.0
2024-07-17,250761.0,0,0.3736384615384616,0.49345666666666665,0.287451724137931,-0.1757342857142857,-0.13256666666666667,42177.0,1335.0,-312.0,730.0
2024-07-18,327677.0,0,0.36767692307692307,0.42367777777777776,-0.028692000000000002,-0.1764238095238095,-0.1448470588235294,-24034.0,2033.0,-664.0,766.0
2024-07-19,322436.0,0,0.14837307692307694,0.476625,0.17444242424242423,-0.343875,-0.10950909090909092,7612.0,541.0,-132.0,756.0
2024-07-20,338754.0,0,0.2452692307692308,0.4302032258064516,0.11045,-0.17977380952380953,0.0446923076923077,15012.0,1223.0,-359.0,705.0
2024-07-21,610973.0,0,0.25748000000000004,0.37544,-0.008775862068965516,-0.19178478260869564,-0.3365526315789474,32172.0,1192.0,-340.0,765.0
2024-07-22,82784.0,0,0.2230086956521739,0.4202578947368421,-0.02103199999999999,-0.24966923076923075,0.06278823529411767,-52315.0,1896.0,-618.0,775.0
2024-07-23,90747.0,1,0.19183,0.45810512820512816,0.16537179487179487,-0.15803255813953487,-0.05376,13793.0,2596.0,-406.0,803.0
2024-07-24,118104.0,0,0.20097500000000001,0.3592,0.16202692307692307,-0.18895714285714282,-0.04170333333333333,71196.0,855.0,-156.0,779.0
2024-07-25,93691.0,0,0.3034045454545455,0.5172741935483871,0.09327777777777778,-0.09575135135135135,-0.05908620689655172,-13701.0,2263.0,-590.0,732.0
2024-07-26,79211.0,0,0.1117625,0.38739166666666663,0.35342058823529415,-0.19786382978723405,-0.18633103448275862,-30385.0,15998.0,-44.0,758.0
2024-07-27,76007.0,0,0.12812857142857143,0.5035307692307692,0.09752307692307692,-0.2807823529411765,0.02299032258064515,33457.0,14277.0,-198.0,752.0
2024-07-28,92285.0,0,0.24179375,0.3406088235294118,0.34468333333333334,-0.23898163265306124,-0.25336176470588234,31011.0,6702.0,-329.0,704.0
2024-07-29,187217.0,0,0.33096363636363635,0.4232633333333334,0.14186875,-0.199825,-0.021081481481481493,-70633.0,3579.0,-358.0,690.0
2024-07-30,178848.0,0,0.38503333333333334,0.48895384615384613,0.15436071428571427,-0.2039357142857143,-0.08008571428571429,-6937.0,3242.0,-298.0,722.0
2024-07-31,269768.0,0,0.2476,0.5239464285714286,0.20398823529411764,-0.11681190476190477,-0.104890625,-19372.0,2865.0,-283.0,660.0
2024-08-01,278378.0,0,0.19616470588235294,0.46062424242424244,0.16144827586206897,-0.1769702702702703,-0.11146774193548387,52684.0,2201.0,-356.0,753.0
2024-08-02,206421.0,0,0.2359894736842105,0.47938780487804883,0.162196,-0.1507975,-0.11282500000000001,-34310.0,1794.0,-310.0,668.0
2024-08-03,275333.0,0,0.023759259259259265,0.3380483870967742,0.0761962962962963,-0.20359500000000003,-0.05791499999999998,4293.0,1908.0,-343.0,703.0
2024-08-04,241088.0,0,0.2382,0.5273615384615384,0.1978714285714286,-0.110556,0.15842068965517242,49859.0,1783.0,-370.0,656.0
2024-08-05,101384.0,0,0.2315,0.36833846153846156,0.3001111111111111,-0.18052432432432433,-0.17091071428571428,-79880.0,2325.0,-507.0,622.0
2024-08-06,88247.0,0,0.19085714285714286,0.4044354838709677,0.04267931034482759,0.014166666666666666,-0.05667142857142856,7439.0,1046.0,-245.0,752.0
2024-08-07,220662.0,0,0.18009545454545453,0.43030285714285715,0.2455057142857143,-0.2029,-0.13937083333333333,58913.0,1581.0,-345.0,687.0
2024-08-08,239686.0,1,0.35343461538461535,0.49465862068965516,0.14779807692307692,-0.3292705882352941,0.014526315789473686,-28367.0,2673.0,-682.0,706.0
2024-08-09,265302.0,0,0.23017666666666667,0.4400175,-0.023132499999999993,-0.09947111111111112,-0.11737058823529412,-14212.0,1896.0,-484.0,842.0
2024-08-10,266655.0,0,0.31509,0.45717555555555556,-0.08093333333333333,-0.17947954545454545,-0.002312121212121203,-4279.0,800.0,-169.0,841.0
2024-08-11,346266.0,0,0.06460789473684211,0.46766071428571426,0.2680322580645161,-0.06217692307692308,0.003212499999999993,71476.0,1512.0,-379.0,702.0
2024-08-12,348611.0,0,0.01430322580645161,0.45001891891891893,0.15489999999999998,-0.18224736842105263,-0.0232125,-54102.0,1459.0,-389.0,765.0
2024-08-13,330851.0,0,0.2676925925925926,0.46318378378378383,0.21189722222222224,-0.3378108695652174,-0.04551935483870967,-2191.0,2026.0,-436.0,732.0
2024-08-14,133997.0,1,0.11845333333333334,0.4263938461538462,0.09337608695652175,-0.1804381818181818,-0.06106458333333333,49990.0,1721.0,-515.0,777.0
2024-08-15,131360.0,0,0.2270285714285714,0.38737750000000004,0.08267111111111111,0.0067904761904762,-0.15091714285714286,-47061.0,936.0,-195.0,780.0
2024-08-16,470253.0,0,0.18457777777777779,0.3657485714285714,0.17530967741935483,-0.17664878048780486,-0.11946818181818183,12165.0,1563.0,-404.0,696.0
2024-08-17,423824.0,0,0.16006399999999998,0.27460833333333334,0.25700689655172415,-0.34968,0.04924137931034483,53502.0,1435.0,-361.0,813.0
2024-08-18,715683.0,0,0.19483214285714287,0.31063870967741936,0.03878148148148148,-0.20021025641025642,-0.09307083333333332,79999.0,1428.0,-412.0,796.0
2024-08-19,103118.0,2,0.261204,0.4502129032258064,-0.11644838709677419,-0.13763636363636364,-0.09254814814814814,-58047.0,2193.0,-585.0,822.0
2024-08-20,100227.0,1,-0.06665909090909092,0.4492642857142857,0.07824390243902439,-0.137184375,-0.038996875,-92891.0,789.0,-285.0,1018.0
2024-08-21,142060.0,1,0.11922352941176471,0.518865625,0.2255909090909091,-0.10400377358490566,-0.09321842105263158,37836.0,2505.0,-770.0,983.0
2024-08-22,144080.0,1,0.05392000000000001,0.39610645161290325,0.01129777777777778,-0.16897222222222222,-0.06367058823529412,-21313.0,1997.0,-517.0,962.0
2024-08-23,171095.0,0,0.25303333333333333,0.3661189189189189,-0.08674705882352941,-0.2879357142857143,0.02568000000000001,-352.0,720.0,-150.0,826.0
2024-08-24,148821.0,0,0.4309029411764706,0.37904375,0.11285116279069769,-0.22077083333333333,-0.05997096774193548,-101240.0,1427.0,-413.0,989.0
2024-08-25,193782.0,0,0.3528148148148148,0.5343935483870967,0.25720000000000004,-0.22695135135135133,-0.02771199999999999,160458.0,1822.0,-475.0,852.0
2024-08-26,167512.0,0,0.31207391304347826,0.57392,0.23445925925925926,-0.20040238095238094,-0.0508608695652174,-45074.0,1404.0,-334.0,786.0
2024-08-27,174518.0,0,0.19738,0.40994090909090913,0.11388461538461539,-0.16901290322580645,-0.18002380952380953,-3499.0,1279.0,-342.0,814.0
2024-08-28,172927.0,0,0.07086363636363636,0.50206,0.12094137931034483,-0.12109354838709678,-0.0034666666666666687,52248.0,1824.0,-446.0,754.0
2024-08-29,238608.0,0,0.0936,0.4939357142857143,-0.011917647058823533,-0.12803846153846155,-0.0993103448275862,-41845.0,652.0,-185.0,763.0
2024-08-30,233632.0,0,0.15111666666666668,0.2888965517241379,0.15065,-0.15941935483870967,-0.1656923076923077,31886.0,1347.0,-334.0,839.0
2024-08-31,182704.0,0,0.32197916666666665,0.37156,0.04264666666666667,-0.0963219512195122,-0.21430799999999997,37645.0,1329.0,-429.0,884.0
2024-09-01,191058.0,0,0.17717037037037037,0.4031236842105263,0.08365641025641025,-0.19224313725490194,-0.060590000000000005,2820.0,1392.0,-343.0,864.0
2024-09-02,88957.0,0,0.22953793103448275,0.5831102564102564,0.12443488372093023,-0.15299722222222223,-0.1035047619047619,-86884.0,1093.0,-351.0,738.0
2024-09-03,203810.0,1,0.140845,0.39325853658536586,0.17157608695652174,-0.21156363636363637,-0.07360769230769232,9643.0,1779.0,-458.0,647.0
2024-09-04,192827.0,0,0.46836666666666665,0.42850000000000005,0.08633783783783784,-0.23391632653061226,0.14826538461538463,66171.0,1373.0,-302.0,735.0
2024-09-05,215500.0,0,0.309672,0.55984,0.050458974358974354,-0.14660612244897958,-0.1217681818181818,-6261.0,425.0,-84.0,626.0
2024-09-06,211592.0,0,0.05834583333333334,0.5407178571428571,0.015858139534883717,-0.14829189189189187,-0.1722125,27266.0,0.0,0.0,651.0
2024-09-07,219061.0,0,-0.09443333333333334,0.40478684210526317,0.33480333333333334,-0.27102894736842104,-0.07888666666666665,46989.0,2237.0,-677.0,827.0
2024-09-08,179593.0,0,0.3322739130434783,0.4027296296296296,0.09811612903225807,-0.10554999999999999,-0.10525833333333333,26334.0,1326.0,-365.0,846.0
2024-09-09,129636.0,1,0.08481785714285715,0.37799166666666667,-0.00881333333333333,-0.1963730769230769,-0.17945,-93550.0,1667.0,-603.0,652.0
2024-09-10,206557.0,1,0.41962222222222223,0.5728083333333333,0.0993904761904762,-0.17115294117647056,-0.149636,-51244.0,395.0,-75.0,686.0
2024-09-11,261100.0,0,0.1993888888888889,0.41679047619047627,0.08126060606060606,-0.16730285714285714,-0.011978947368421054,50376.0,1281.0,-422.0,681.0
2024-09-12,209359.0,0,0.01957307692307692,0.4635611111111111,0.045140625,-0.33668888888888887,-0.19572499999999998,-19871.0,820.0,-307.0,735.0
2024-09-13,208121.0,0,0.29513333333333336,0.306940625,0.02779600000000001,-0.2600326530612245,-0.24915666666666667,7738.0,1056.0,-339.0,806.0
2024-09-14,163735.0,0,0.09187222222222223,0.40115277777777775,0.09262121212121213,-0.1500275,-0.02779600000000001,84644.0,1207.0,-373.0,957.0
2024-09-15,196747.0,0,0.1377909090909091,0.497425641025641,0.057372,-0.32588,-0.08178333333333333,-12800.0,1535.0,-396.0,1134.0
2024-09-16,103907.0,0,0.25369,0.49693333333333334,0.07018684210526316,-0.16280731707317073,-0.0021121212121212084,-69958.0,1253.0,-406.0,1013.0
2024-09-17,246191.0,0,0.19679,0.3140027027027027,0.11147567567567568,-0.09063478260869565,-0.027733333333333325,-24497.0,1162.0,-310.0,922.0
2024-09-18,239901.0,0,0.2505842105263158,0.4779272727272727,0.11276470588235295,-0.27772,-0.24260769230769233,24213.0,1067.0,-285.0,857.0
2024-09-19,296150.0,0,0.19869285714285714,0.32740476190476187,0.23140967741935484,-0.2869148148148148,-0.161556,14077.0,1048.0,-330.0,746.0
2024-09-20,320460.0,0,0.21906470588235294,0.4579041666666667,0.11052857142857142,-0.25257619047619045,-0.048999999999999995,43092.0,1015.0,-308.0,783.0
2024-09-21,343417.0,0,-0.002102777777777776,0.45709714285714287,0.23129333333333332,-0.19923555555555555,-0.19736666666666666,61941.0,1328.0,-419.0,981.0
2024-09-22,554466.0,0,0.23190416666666666,0.5538742857142858,0.2544058823529412,-0.05541590909090909,-0.10734482758620689,-23037.0,1364.0,-387.0,897.0
2024-09-23,111073.0,0,0.32034285714285715,0.44982083333333334,0.17788387096774194,-0.23494857142857142,-0.20988518518518517,-129969.0,1006.0,-327.0,760.0
2024-09-24,152683.0,0,0.12977857142857144,0.3493875,0.21649166666666667,-0.15697777777777777,-0.30349583333333335,28469.0,944.0,-268.0,683.0
2024-09-25,249883.0,0,0.29445,0.38696923076923073,0.03365806451612903,-0.20663684210526315,0.07581851851851852,-6631.0,596.0,-177.0,727.0
2024-09-26,303236.0,0,0.077408,0.5097142857142857,0.05432000000000001,-0.11068157894736841,0.0380608695652174,-78914.0,1153.0,-395.0,670.0
2024-09-27,341583.0,0,0.10105172413793104,0.21156999999999998,0.10990789473684211,-0.29886585365853663,-0.24703846153846154,76820.0,883.0,-291.0,722.0
2024-09-28,417791.0,0,0.17554999999999998,0.3125860465116279,0.06419024390243903,-0.23906785714285714,-0.20081290322580644,7952.0,1090.0,-413.0,902.0
2024-09-29,581351.0,0,-0.025159090909090905,0.312471052631579,0.21180689655172416,-0.2129160714285714,0.07163333333333333,37184.0,1134.0,-542.0,833.0
2024-09-30,91889.0,0,0.281812,0.4378892857142857,0.03601212121212122,-0.17045833333333332,-0.0838576923076923,-91948.0,1044.0,-390.0,700.0
2024-10-01,102706.0,0,0.1442391304347826,0.45347857142857145,0.2129230769230769,-0.05966595744680851,0.05435500000000001,-107646.0,1018.0,-327.0,745.0
2024-10-02,84777.0,2,0.25525172413793107,0.3135432432432433,0.10871428571428571,-0.27081818181818185,-0.1690625,28330.0,1826.0,-609.0,719.0
2024-10-03,104491.0,1,0.09628181818181818,0.33058846153846155,0.17535573770491802,-0.22928682926829266,-0.1375122807017544,108073.0,871.0,-574.0,1530.0
2024-10-04,95969.0,1,0.15284166666666668,0.45438055555555557,0.03735098039215686,-0.22397719298245614,-0.2178206896551724,-8800.0,1630.0,-1135.0,1246.0
2024-10-05,112643.0,1,0.07255471698113207,0.3077829268292683,-0.02500487804878049,-0.1544945054945055,-0.2654241379310345,40698.0,1593.0,-774.0,1098.0
2024-10-06,102739.0,0,0.11345476190476192,0.5722358974358974,0.10668250000000001,-0.3135202247191011,-0.11474571428571428,98918.0,2158.0,-1112.0,1042.0
2024-10-07,276068.0,0,0.26231875,0.42032142857142857,-0.01803076923076923,-0.20253225806451614,-0.10863846153846154,-98156.0,510.0,-224.0,949.0
2024-10-08,322803.0,0,-0.025761111111111106,0.4475451612903226,0.08312000000000001,-0.21788241758241758,-0.08336,36249.0,1018.0,-469.0,773.0
2024-10-09,326951.0,2,0.009266666666666673,0.32875945945945945,0.06124081632653062,-0.21625,-0.19578,-4804.0,1607.0,-1061.0,787.0
2024-10-10,120108.0,0,0.34773846153846155,0.3215424242424243,0.24718717948717947,-0.2939109589041096,-0.2026608695652174,-49190.0,1141.0,-713.0,765.0
2024-10-11,296493.0,0,0.2737538461538462,0.3511783783783784,0.06962826086956522,-0.08980689655172414,-0.0476206896551724,22759.0,1147.0,-442.0,789.0
2024-10-12,382996.0,0,0.2013375,0.49368541666666665,0.13705384615384616,-0.25857291666666665,-0.16576875,129775.0,402.0,-198.0,866.0
2024-10-13,445759.0,0,0.13184137931034484,0.28759999999999997,0.2451046511627907,-0.28110227272727273,-0.045018749999999996,-41255.0,1340.0,-436.0,887.0
2024-10-14,82394.0,0,0.1814346153846154,0.47998125,-0.003161764705882351,-0.196996875,0.069785,-102730.0,1622.0,-535.0,758.0
2024-10-15,97649.0,1,0.16294615384615385,0.5068545454545454,0.0128695652173913,-0.3004194444444444,-0.10074374999999999,-8470.0,239.0,-83.0,711.0
2024-10-16,124706.0,0,0.17830344827586206,0.3099282051282051,0.16348837209302325,-0.15196829268292683,0.05510799999999999,25713.0,1634.0,-544.0,703.0
2024-10-17,130069.0,0,0.23365384615384616,0.4375961538461538,0.2455793103448276,-0.27797714285714287,0.0676,-19989.0,970.0,-327.0,681.0
2024-10-18,99410.0,0,0.06549310344827587,0.32934857142857143,0.023156818181818185,0.0028543478260869585,-0.12335185185185184,43681.0,361.0,-93.0,717.0
2024-10-19,84416.0,0,0.29827352941176466,0.49,0.22378571428571428,-0.1968340909090909,0.03390000000000002,43559.0,1185.0,-387.0,826.0
2024-10-20,127838.0,0,0.24682647058823526,0.4372333333333333,0.18497799999999998,-0.192412,-0.07606774193548387,5012.0,1338.0,-361.0,1009.0
2024-10-21,305663.0,0,0.05753181818181819,0.5749407407407408,-0.032913043478260864,-0.33046486486486487,-0.012560000000000009,-85065.0,1041.0,-334.0,695.0
2024-10-22,142102.0,0,0.18792727272727272,0.4641625,0.20745714285714284,-0.0792475,-0.05851666666666666,7118.0,960.0,-258.0,738.0
2024-10-23,168777.0,1,0.5095277777777778,0.4698375,0.14083333333333334,-0.26327,-0.1302,40512.0,1397.0,-507.0,716.0
2024-10-24,95983.0,1,0.06329565217391306,0.3092703703703704,0.10336857142857143,-0.23104444444444444,-0.20501785714285714,-59565.0,1258.0,-405.0,726.0
2024-10-25,184887.0,0,0.21312666666666666,0.5517783783783784,0.1939918918918919,-0.2410232558139535,-0.23284193548387097,30969.0,1063.0,-339.0,746.0
2024-10-26,174478.0,0,0.38692758620689655,0.4971390243902439,0.22960322580645162,-0.29186428571428574,0.010577272727272742,9525.0,639.0,-162.0,883.0
2024-10-27,115598.0,0,0.39076249999999996,0.49446428571428575,0.09008181818181818,-0.09855641025641025,0.024976190476190475,-28603.0,1177.0,-325.0,856.0
2024-10-28,105845.0,0,0.04978571428571428,0.42634516129032257,0.137524,-0.13357608695652173,-0.053271428571428574,-64552.0,1060.0,-308.0,700.0
2024-10-29,92320.0,1,0.34510384615384615,0.4762571428571429,0.09548148148148147,-0.08653658536585367,-0.06091428571428571,-10696.0,1041.0,-305.0,816.0
2024-10-30,226114.0,2,0.06827272727272728,0.31175,-0.006178378378378376,-0.024337142857142852,0.08749354838709678,13913.0,1724.0,-534.0,767.0
2024-10-31,264771.0,0,0.07202916666666669,0.3560740740740741,0.1452,-0.17550967741935486,0.047821875000000014,-12403.0,364.0,-99.0,674.0
2024-11-01,291699.0,0,0.33361250000000003,0.4256896551724138,0.20596296296296296,-0.32736764705882354,0.043730000000000005,43611.0,930.0,-280.0,686.0
2024-11-02,299865.0,0,0.19368571428571427,0.480276,0.17049285714285714,-0.25735,0.04904000000000001,-47429.0,1072.0,-289.0,848.0
2024-11-03,351501.0,0,0.29465625,0.4539814814814815,0.145852,-0.20712916666666667,-0.1708173913043478,124967.0,1128.0,-274.0,909.0
2024-11-04,68292.0,0,-0.07096206896551724,0.1704578947368421,0.255675,-0.24860512820512823,-0.023210526315789484,-76441.0,926.0,-308.0,779.0
2024-11-05,94043.0,0,0.1908375,0.33015555555555554,0.18724827586206896,-0.3816282051282051,0.13365555555555556,-36027.0,976.0,-302.0,609.0
2024-11-06,72402.0,0,0.20444800000000002,0.4562,0.30974285714285715,-0.24488333333333334,0.004191304347826093,34370.0,758.0,-234.0,661.0
2024-11-07,115508.0,1,0.07977666666666666,0.4737475,0.24657555555555558,-0.12564255319148937,-0.168228125,-71147.0,1831.0,-499.0,732.0
2024-11-08,118330.0,0,0.3619772727272727,0.367644,0.28184848484848485,-0.2955147058823529,0.03558461538461539,106733.0,435.0,-93.0,723.0
2024-11-09,106456.0,0,0.2345,0.4367150000000001,0.27282,-0.08757142857142856,-0.1821681818181818,43668.0,1270.0,-336.0,883.0
2024-11-10,68848.0,0,0.1567047619047619,0.48229310344827586,0.11082820512820514,-0.267359649122807,0.1650304347826087,3215.0,2094.0,-328.0,844.0
2024-11-11,128689.0,0,0.012472222222222225,0.5066344827586207,0.17128620689655172,-0.23845882352941175,-0.04780000000000001,-58980.0,1208.0,-350.0,705.0
2024-11-12,149130.0,1,0.11968333333333335,0.46410714285714283,0.03924117647058824,-0.3355909090909091,0.13223103448275864,9414.0,1294.0,-347.0,618.0
2024-11-13,172327.0,2,0.11899090909090909,0.4792578947368421,0.11668780487804879,-0.09979473684210526,-0.09797037037037036,15953.0,1226.0,-353.0,698.0
2024-11-14,161408.0,2,0.20931470588235293,0.4374325,0.1793531914893617,-0.07900166666666666,-0.25135,48986.0,1956.0,-326.0,908.0
2024-11-15,140200.0,1,0.1292258064516129,0.49644666666666665,0.2016,-0.20215599999999997,-0.0011371428571428609,32323.0,1389.0,-333.0,859.0
2024-11-16,87720.0,0,0.08875666666666666,0.4828342857142857,0.061587499999999996,-0.22077209302325582,0.022565517241379316,57042.0,1284.0,-230.0,1011.0
2024-11-17,317404.0,0,0.3932189189189189,0.4684057142857143,0.09608409090909092,-0.1548204081632653,-0.07738947368421054,4515.0,768.0,-175.0,994.0
2024-11-18,210350.0,0,0.15867307692307694,0.39502857142857145,0.1504193548387097,-0.2498128205128205,-0.03175263157894737,-112466.0,1474.0,-362.0,800.0
2024-11-19,254062.0,0,0.09998148148148146,0.39328,0.13153870967741935,-0.3241047619047619,-0.007827777777777786,-5192.0,855.0,-192.0,646.0
2024-11-20,192259.0,1,0.05798333333333333,0.5274675675675676,0.09833111111111112,-0.25171707317073166,0.006106666666666667,70201.0,553.0,-127.0,734.0
2024-11-21,263063.0,0,0.18694761904761906,0.46450384615384616,0.17072692307692308,-0.26330749999999997,-0.07999230769230768,-58861.0,1143.0,-239.0,724.0
2024-11-22,256812.0,0,0.16824814814814815,0.48813749999999995,0.005186666666666663,-0.2595125,-0.08350666666666666,47647.0,945.0,-206.0,695.0
2024-11-23,437603.0,0,0.33539615384615384,0.5651588235294117,0.18739655172413794,-0.260496875,0.011196551724137934,83394.0,1019.0,-380.0,773.0
2024-11-24,274890.0,0,0.4198214285714286,0.43961600000000006,0.06523469387755103,-0.16943939393939395,-0.22748260869565218,-35102.0,1141.0,-293.0,763.0
2024-11-25,187671.0,0,0.140536,0.48466363636363635,0.18837352941176472,-0.03974814814814814,-0.1340681818181818,-113728.0,1051.0,-264.0,639.0
2024-11-26,136863.0,0,0.1065952380952381,0.4063235294117647,0.003638709677419353,-0.19892222222222222,-0.1812695652173913,25172.0,1798.0,-221.0,631.0
2024-11-27,116777.0,2,0.274052,0.5378821428571429,0.04,0.005288235294117649,-0.14117692307692306,80959.0,1581.0,-427.0,645.0
2024-11-28,100143.0,0,0.21656666666666666,0.41134074074074073,0.15574222222222223,-0.22860882352941175,-0.1304375,-34039.0,551.0,-75.0,1269.0
2024-11-29,82526.0,0,0.18721379310344827,0.326590625,0.04300555555555555,-0.15007727272727273,0.072772,51431.0,1342.0,-265.0,1257.0
2024-11-30,294298.0,0,0.18731,0.4605516129032258,0.068275,-0.2865653846153846,-0.37822941176470587,42682.0,1415.0,-240.0,1483.0
2024-12-01,204658.0,0,0.2987521739130435,0.5353128205128205,0.019236111111111107,-0.3434297297297297,-0.2268,-57390.0,1255.0,-295.0,1333.0
2024-12-02,258943.0,0,0.0490904761904762,0.508944,0.2349535714285714,-0.09396333333333334,-0.06205185185185186,-103931.0,1059.0,-219.0,1027.0
2024-12-03,275264.0,1,0.10952777777777778,0.33793333333333336,-0.006035135135135134,-0.13731935483870966,-0.068195,8368.0,1650.0,-392.0,977.0
2024-12-04,104738.0,0,0.20315142857142857,0.5265347826086957,0.2616102564102564,-0.2750547619047619,-0.061708,99959.0,802.0,-163.0,1186.0
2024-12-05,407485.0,0,-0.03342068965517241,0.4998730769230769,-0.04888750000000001,-0.14046,0.10873076923076923,-42750.0,1073.0,-224.0,847.0
2024-12-06,319819.0,0,0.07822857142857144,0.31870000000000004,0.16863999999999998,-0.16059230769230767,-0.0833470588235294,-13604.0,668.0,-244.0,691.0
2024-12-07,439660.0,0,0.162825,0.5580206896551725,0.15869687500000002,-0.34497352941176473,-0.33007333333333333,126546.0,1132.0,-281.0,836.0
2024-12-08,442723.0,0,0.2936952380952381,0.4887277777777778,0.23771142857142857,-0.2589972222222222,0.18113333333333334,16066.0,1207.0,-276.0,864.0
2024-12-09,116529.0,0,-0.008150000000000003,0.5827235294117648,0.191565625,-0.208659375,0.1510277777777778,-135240.0,945.0,-199.0,738.0
2024-12-10,109311.0,1,0.007713043478260867,0.4097,0.21521428571428572,-0.3172317073170732,0.05685,320.0,1558.0,-384.0,697.0
2024-12-11,70354.0,0,0.252946875,0.41868,0.14415384615384616,-0.056843333333333336,-0.0387,66595.0,389.0,-122.0,6937.0
2024-12-12,411155.0,0,0.09793750000000001,0.28187083333333335,0.16380967741935484,-0.1775111111111111,0.07617777777777777,-61421.0,1017.0,-194.0,730.0
2024-12-13,464725.0,0,0.10556315789473684,0.4222095238095238,0.2004107142857143,-0.20968235294117646,-0.06764999999999999,60597.0,838.0,-256.0,794.0
2024-12-14,713654.0,1,0.1537892857142857,0.4837771428571429,0.0956148148148148,-0.1368225,0.01168846153846154,131241.0,1090.0,-225.0,961.0
2024-12-15,947941.0,0,0.10353125,0.49328823529411764,-0.011267999999999995,-0.1576179487179487,-0.1882,82699.0,1251.0,-274.0,1026.0
2024-12-16,82410.0,0,0.19874117647058823,0.3198583333333333,0.214440625,-0.2700628571428571,-0.1527,-188522.0,1061.0,-240.0,951.0
2024-12-17,77893.0,0,0.22874285714285714,0.48689666666666664,0.20182162162162162,-0.13927,-0.07442727272727272,-10771.0,919.0,-168.0,806.0
2024-12-18,75020.0,0,0.09758214285714285,0.46311428571428576,-0.16916666666666666,-0.074955,-0.10377142857142856,48677.0,1085.0,-203.0,824.0
2024-12-19,71648.0,3,0.10191818181818182,0.5249027027027027,0.19277826086956523,-0.2269982456140351,-0.2191758620689655,-3924.0,2101.0,-520.0,913.0
2024-12-20,142370.0,0,0.088924,0.5446348837209303,0.15343658536585367,-0.4297410256410256,-0.12562777777777778,21600.0,657.0,-92.0,1161.0
2024-12-21,146512.0,0,0.12225312499999999,0.432545,0.3163034482758621,-0.10433513513513513,-0.09223888888888888,35556.0,1477.0,-228.0,1295.0
2024-12-22,138561.0,0,0.07612424242424243,0.4608805555555555,0.11655405405405406,-0.2107923076923077,-0.06296874999999999,1400.0,1508.0,-306.0,1254.0
2024-12-23,126589.0,0,0.21888965517241377,0.3343344827586207,0.02445652173913044,-0.15452647058823532,0.07826857142857142,-105287.0,1920.0,-431.0,1036.0
2024-12-24,152999.0,0,0.13872916666666665,0.5271944444444444,0.14350212765957446,-0.10759117647058825,-0.20029523809523808,18317.0,514.0,-99.0,1102.0
2024-12-25,171389.0,0,0.26373428571428575,0.46379069767441866,0.20197586206896553,-0.19770526315789475,-0.022352173913043484,47996.0,1195.0,-258.0,1126.0
2024-12-26,132105.0,0,0.18764324324324325,0.5286390243902439,0.14710333333333334,-0.147398,-0.1220030303030303,-1974.0,1272.0,-261.0,1202.0
2024-12-27,172695.0,0,0.07127941176470587,0.42178399999999994,0.08209090909090909,-0.09962978723404255,-0.0020428571428571358,23435.0,1928.0,-321.0,1109.0
2024-12-28,101553.0,0,0.28996176470588236,0.2979636363636364,0.1512641509433962,-0.09654565217391303,0.15117441860465117,-20082.0,826.0,-328.0,1186.0
2024-12-29,89246.0,0,0.1325457142857143,0.43363243243243244,0.14082285714285714,-0.09072037037037038,0.1326717948717949,-35967.0,1479.0,-360.0,1294.0
2024-12-30,97615.0,0,0.03156,0.3688673076923077,0.05708222222222223,-0.10897446808510639,0.003376744186046513,-57698.0,2185.0,-550.0,1142.0
2024-12-31,50779.0,0,0.1608125,0.5012878787878788,0.23121538461538463,-0.11821212121212121,-0.008262962962962965,-135104.0,610.0,-141.0,1314.0
2025-01-01,61370.0,0,0.07256176470588235,0.44183124999999995,0.16262083333333335,-0.18958039215686273,-0.09062631578947368,85985.0,1538.0,-288.0,1380.0
2025-01-02,69417.0,0,0.42022258064516127,0.43785576923076924,0.20108297872340428,-0.15261951219512193,0.14865757575757577,20492.0,1595.0,-262.0,1369.0
2025-01-03,85366.0,0,0.047169230769230776,0.46915500000000004,0.20517450980392157,-0.14118775510204082,-0.14187758620689656,85995.0,1477.0,-312.0,1199.0
2025-01-04,82656.0,0,0.11065588235294119,0.394975,0.3243528301886792,-0.12915283018867924,-0.0919625,34256.0,1687.0,-350.0,955.0
2025-01-05,239051.0,0,0.30567272727272726,0.51372,0.12833921568627452,-0.17375283018867924,0.00619761904761905,-65409.0,2142.0,-518.0,938.0
2025-01-06,275398.0,0,0.31298888888888887,0.4957878048780488,0.30742745098039215,-0.15979024390243904,-0.060137142857142854,-75364.0,1531.0,-353.0,847.0
2025-01-07,111954.0,1,0.23362051282051283,0.5472375,0.08234736842105263,-0.1633048780487805,0.020740625000000002,-72318.0,1462.0,-282.0,909.0
2025-01-08,132548.0,0,0.026133333333333328,0.4518254901960784,0.1638123076923077,-0.18436333333333332,0.04283333333333334,84289.0,1613.0,-484.0,1033.0
2025-01-09,95563.0,0,0.16694722222222225,0.3721452380952381,0.06269565217391306,-0.20092307692307693,-0.11771702127659575,-105802.0,874.0,-356.0,998.0
2025-01-10,120141.0,1,0.1555692307692308,0.44243125,0.1713,-0.10745909090909089,-0.1524581395348837,18123.0,1688.0,-412.0,1018.0
2025-01-11,177980.0,1,0.31216829268292684,0.394585,0.1525938775510204,-0.2556389830508474,-0.08655849056603773,101769.0,1838.0,-402.0,1161.0
2025-01-12,84494.0,1,0.18285576923076924,0.5304441860465117,0.07244166666666667,-0.2087122448979592,-0.03427543859649123,6629.0,1874.0,-393.0,1109.0
2025-01-13,101667.0,0,0.16330666666666666,0.3728075,0.19090526315789474,-0.09187380952380952,-0.2156692307692308,-164329.0,2567.0,-503.0,990.0
2025-01-14,295230.0,0,0.33462749999999997,0.4419195652173913,0.12792244897959185,-0.1386265306122449,-0.01949166666666666,-35694.0,401.0,-74.0,972.0
2025-01-15,288409.0,1,0.16943863636363635,0.4417145161290323,0.12857169811320754,-0.25935121951219514,-0.06816341463414634,77850.0,2545.0,-528.0,1035.0
2025-01-16,472648.0,0,0.2223258064516129,0.32244594594594594,-0.00306290322580645,-0.0980138888888889,-0.019716129032258067,-54077.0,1068.0,-169.0,929.0
2025-01-17,249066.0,1,0.18191515151515153,0.36539444444444447,0.14953333333333332,0.0026604166666666686,-0.04164807692307692,32139.0,1601.0,-312.0,983.0
2025-01-18,290200.0,0,0.061445945945945955,0.3666709090909091,-0.014371739130434779,-0.06690338983050848,0.09347058823529412,67228.0,1896.0,-375.0,1082.0
2025-01-19,292751.0,0,0.2752322580645161,0.49989555555555554,0.0597469696969697,-0.0798673076923077,0.07653606557377049,48525.0,2283.0,-406.0,1117.0
2025-01-20,128949.0,0,0.03165882352941177,0.4241170212765958,0.09552826086956523,-0.032136170212765956,-0.08767105263157894,-156660.0,1951.0,-363.0,979.0
2025-01-21,118198.0,0,0.21607333333333334,0.4640096153846154,0.13680175438596492,-0.054446153846153846,-0.10462682926829268,-1651.0,2250.0,-431.0,922.0
2025-01-22,118807.0,1,0.23843461538461538,0.3838275,0.09176739130434783,-0.04322142857142858,0.04857333333333333,69340.0,1190.0,-265.0,930.0
2025-01-23,305977.0,0,0.18110857142857142,0.4301568965517242,0.06866041666666667,-0.137986,-0.043980434782608685,-28337.0,1854.0,-383.0,941.0
2025-01-24,374115.0,0,0.17544705882352943,0.42994210526315796,0.049948529411764704,-0.12748245614035086,0.051043333333333336,1687.0,2062.0,-353.0,1017.0
2025-01-25,497414.0,1,0.058085294117647054,0.5188708333333333,0.02168392857142857,-0.27064642857142857,-0.12087346938775509,99279.0,2045.0,-431.0,1207.0
2025-01-26,532906.0,0,0.233215,0.38702156862745096,0.19037846153846155,-0.1675103448275862,0.029633333333333334,33982.0,1948.0,-428.0,1272.0
2025-01-27,174590.0,0,0.22366857142857144,0.35536666666666666,0.21819393939393938,-0.034214,0.11773421052631577,-215533.0,3086.0,-593.0,1117.0
2025-01-28,200023.0,3,0.3110480769230769,0.43196153846153845,0.22405441176470586,-0.153036,-0.0002857142857142807,-111685.0,1893.0,-273.0,1181.0
2025-01-29,357392.0,0,0.22014090909090908,0.4833272727272727,0.1435578947368421,-0.21454,-0.006633928571428567,111278.0,1296.0,-250.0,1439.0
2025-01-30,366371.0,1,0.12605,0.467153125,0.2196719298245614,-0.13139056603773586,-0.026168571428571423,-12102.0,2958.0,-575.0,1177.0
2025-01-31,270565.0,0,0.2471243243243243,0.49866521739130437,0.08986666666666668,-0.35418076923076924,0.01826,45645.0,1245.0,-282.0,1174.0
2025-02-01,384659.0,0,0.2809111111111111,0.478574025974026,0.2028925925925926,-0.12521538461538462,-0.04839814814814815,82832.0,2125.0,-422.0,1322.0
2025-02-02,486768.0,0,0.2523463414634146,0.49605,0.09359322033898305,-0.41715098039215687,-0.04150638297872341,75221.0,2358.0,-498.0,1289.0
2025-02-03,712144.0,0,0.1275744680851064,0.2993037037037037,0.07296760563380282,-0.28400909090909093,-0.12331206896551725,-173843.0,2135.0,-444.0,1152.0
2025-02-04,545490.0,1,0.06555238095238096,0.37538771929824566,0.11790746268656717,-0.08525,0.034762499999999995,38671.0,1948.0,-384.0,1122.0
2025-02-05,122855.0,0,0.3018315789473684,0.470194,0.03368108108108108,-0.2132,-0.042490243902439016,132964.0,2056.0,-462.0,1095.0
2025-02-06,113041.0,1,0.1768111111111111,0.3506491228070176,0.11201568627450982,-0.15463333333333334,-0.0434375,-18058.0,3097.0,-736.0,1038.0
2025-02-07,488272.0,0,0.21467931034482757,0.4458371428571429,0.07117894736842105,-0.1929875,-0.08626458333333335,7402.0,913.0,-114.0,1187.0
2025-02-08,740548.0,0,0.17454285714285714,0.5275974025974026,0.1691814814814815,-0.16563684210526317,-0.049149230769230765,119880.0,2075.0,-482.0,1238.0
2025-02-09,970633.0,0,0.19193404255319146,0.3345276595744681,0.12605185185185186,-0.16027333333333335,0.21777450980392157,42066.0,2329.0,-417.0,1179.0
2025-02-10,184222.0,0,0.14601875,0.4270052631578947,0.269926,-0.18552,-0.1585,-181215.0,3337.0,-680.0,1017.0
2025-02-11,168091.0,0,0.17474871794871794,0.42882444444444445,0.22641458333333334,-0.2377327868852459,0.008309836065573773,45684.0,582.0,-97.0,1005.0
2025-02-12,134800.0,0,0.14471250000000002,0.32754642857142857,0.10148857142857144,-0.34658823529411764,-0.061285185185185186,47890.0,1890.0,-453.0,1041.0
2025-02-13,162242.0,1,0.2867625,0.41371224489795916,0.21163181818181817,-0.17936341463414632,0.10163333333333334,-56060.0,655.0,-109.0,1067.0
2025-02-14,216932.0,0,0.1729842105263158,0.430464406779661,0.03900444444444444,-0.20693478260869566,-0.0318639344262295,10061.0,2849.0,-533.0,1054.0
2025-02-15,260498.0,0,0.06473125,0.4358481481481482,0.21407846153846155,-0.03780000000000001,0.05657800000000002,182696.0,1429.0,-262.0,1151.0
2025-02-16,250741.0,0,0.27497241379310344,0.38882241379310345,0.1683222222222222,-0.16000714285714285,-0.05879692307692307,84381.0,2454.0,-488.0,1290.0
2025-02-17,324884.0,0,0.1767075,0.5148482758620689,0.0457811320754717,-0.1430597014925373,-0.08402222222222222,-190525.0,2288.0,-423.0,1056.0
2025-02-18,210330.0,0,0.2503825,0.4733510638297872,0.106784126984127,-0.1588392857142857,-0.04552096774193548,27024.0,1858.0,-400.0,1026.0
2025-02-19,165045.0,0,0.056542499999999996,0.329636170212766,0.12326206896551725,-0.3152979166666667,-0.09934385964912282,42424.0,1849.0,-423.0,954.0
2025-02-20,132063.0,0,0.12951627906976745,0.3717189655172414,0.20765714285714287,-0.13491,-0.08843076923076923,-35206.0,1980.0,-420.0,934.0
2025-02-21,324294.0,0,0.2625777777777778,0.39495,0.023293406593406597,-0.23595806451612905,-0.03395789473684211,41384.0,3356.0,-757.0,1032.0
2025-02-22,329254.0,0,0.2520057142857143,0.5175388059701492,0.1371632183908046,-0.08094305555555556,-0.04099444444444444,105770.0,1143.0,-249.0,1287.0
2025-02-23,437731.0,0,0.2786659574468085,0.4158521739130435,0.11167333333333335,-0.207128125,-0.035212,53131.0,2804.0,-584.0,1360.0
2025-02-24,190652.0,0,0.4142034482758621,0.45305769230769233,0.24844603174603175,-0.1786950819672131,-0.09466999999999999,-174417.0,2058.0,-423.0,1090.0
2025-02-25,142996.0,0,0.080375,0.4286068965517242,0.08188225806451614,-0.23334230769230768,0.046377777777777775,10019.0,1813.0,-419.0,1027.0
2025-02-26,159918.0,0,0.12082631578947368,0.43153387096774193,0.1793421875,-0.10748852459016393,-0.004576315789473683,79268.0,2956.0,-651.0,1030.0
2025-02-27,138566.0,0,0.066409375,0.469424,0.07357037037037038,-0.108275,-0.09231315789473682,-61538.0,2049.0,-522.0,951.0
2025-02-28,158182.0,1,0.2119775,0.4753654320987655,0.05459473684210526,-0.16634827586206896,-0.042789062499999996,78743.0,2004.0,-414.0,1223.0
2025-03-01,257784.0,0,0.14840588235294117,0.41320454545454544,0.042272307692307685,-0.22488732394366198,-0.0653530303030303,69282.0,1825.0,-394.0,1367.0
2025-03-02,283501.0,0,0.1733532258064516,0.47647,0.07500281690140845,-0.15150983606557378,0.11729814814814815,-38160.0,2904.0,-603.0,1435.0
2025-03-03,232281.0,0,0.30603548387096774,0.5323962962962964,0.1277235294117647,-0.16756440677966103,-0.004157446808510633,-172827.0,2294.0,-437.0,1107.0
2025-03-04,246168.0,0,0.26030444444444445,0.5293836363636364,0.18649452054794521,-0.11323492063492063,0.06383823529411765,21554.0,6975.0,-1511.0,1975.0
2025-03-05,220747.0,0,0.317571875,0.3178984126984127,0.08586274509803922,-0.13227966101694916,-0.05248679245283019,126685.0,2433.0,-516.0,1920.0
2025-03-06,136644.0,0,0.12937906976744185,0.37625000000000003,0.05822622950819672,-0.2518169491525424,-0.10253235294117646,-76866.0,908.0,-166.0,1156.0
2025-03-07,298864.0,0,0.23214411764705883,0.5218163265306123,0.21037692307692307,-0.17662368421052632,-0.006910909090909079,58085.0,1981.0,-431.0,1121.0
2025-03-08,278332.0,0,0.1709103448275862,0.3772311475409836,0.09637241379310346,-0.27917763157894737,-0.12632641509433962,11993.0,3020.0,-568.0,1224.0
2025-03-09,319829.0,0,0.26300277777777775,0.3320163265306122,0.20572127659574468,-0.0982,-0.017344444444444444,47848.0,1756.0,-326.0,1383.0
2025-03-10,419458.0,0,0.1853793103448276,0.41360681818181816,0.016257407407407415,-0.22887735849056604,-0.048563636363636364,-166500.0,1973.0,-443.0,966.0
2025-03-11,272432.0,0,0.15543823529411765,0.49073777777777783,0.06065365853658536,-0.14266046511627906,-0.006965624999999993,14089.0,1622.0,-359.0,967.0
2025-03-12,127389.0,1,0.05652040816326531,0.4279253968253968,0.10943076923076922,-0.23740307692307694,-0.027787755102040818,109003.0,3183.0,-764.0,1055.0
2025-03-13,409907.0,0,0.2670153846153846,0.5123216666666667,0.21489761904761906,-0.17127916666666668,0.009830000000000002,-53104.0,443.0,-112.0,1034.0
2025-03-14,377410.0,0,0.23337631578947368,0.47413181818181815,0.1238896551724138,-0.37592291666666666,-0.01925749999999999,66761.0,3744.0,-765.0,1306.0
2025-03-15,415800.0,0,0.15533333333333335,0.3723542372881356,0.1218265625,-0.13699253731343283,0.11902857142857143,87054.0,944.0,-145.0,1778.0
2025-03-16,440694.0,0,0.19272857142857142,0.436362962962963,0.23606774193548388,-0.12324375,0.006897222222222218,-6470.0,3175.0,-461.0,1708.0
2025-03-17,165033.0,0,0.13564827586206898,0.42406499999999997,0.26627209302325583,-0.18927678571428572,-0.3072393939393939,-181866.0,2813.0,-423.0,1428.0
2025-03-18,188130.0,0,0.1963362068965517,0.47451272727272725,0.28075686274509803,-0.19426756756756758,-0.07981212121212121,6440.0,4360.0,-625.0,1339.0
2025-03-19,336334.0,0,0.14963469387755102,0.38272500000000004,-0.040134090909090904,-0.224586,-0.12455238095238096,75346.0,779.0,-134.0,1433.0
2025-03-20,296900.0,1,0.1578277777777778,0.4271836363636364,0.11138103448275861,-0.116134375,-0.13493636363636363,-82831.0,3651.0,-701.0,1266.0
2025-03-21,451264.0,0,0.09252666666666666,0.3746339285714286,0.042196491228070176,-0.20323333333333332,0.029554545454545448,95934.0,771.0,-164.0,1217.0
2025-03-22,346406.0,0,0.07859487179487179,0.41857636363636364,0.18952439024390244,-0.19538939393939395,-0.20985641025641025,85270.0,2583.0,-474.0,1179.0
2025-03-23,427877.0,0,0.1707875,0.4315140625,0.14318333333333336,-0.1530822580645161,-0.10570816326530613,-2288.0,2326.0,-474.0,1200.0
2025-03-24,392646.0,0,0.04575777777777778,0.32451555555555556,0.10282916666666668,-0.17866326530612245,-0.05067142857142857,-189792.0,1911.0,-454.0,931.0
2025-03-25,130083.0,0,0.11568333333333335,0.4320533333333333,0.0832796875,-0.09189824561403509,-0.04955121951219511,43114.0,1947.0,-405.0,924.0
2025-03-26,144630.0,0,0.13756666666666667,0.49085238095238093,0.039297500000000006,-0.1141327868852459,-0.08054893617021276,86796.0,1793.0,-441.0,955.0
2025-03-27,152250.0,0,0.18871458333333335,0.43129767441860467,0.1940418604651163,-0.0085675,-0.03331428571428571,-76702.0,1810.0,-421.0,943.0
2025-03-28,516798.0,0,0.08883333333333333,0.39955416666666665,0.049761702127659575,-0.11380416666666666,-0.14522727272727273,94737.0,1893.0,-375.0,879.0
2025-03-29,556972.0,0,0.28613333333333335,0.4186218181818182,0.30973170731707317,-0.2859114754098361,-0.19635111111111112,21125.0,1940.0,-478.0,970.0
2025-03-30,592502.0,0,0.25211739130434785,0.48042926829268295,0.03069148936170213,-0.24696041666666668,-0.09984878048780488,7913.0,2078.0,-440.0,1198.0
2025-03-31,209040.0,2,0.15466315789473684,0.425628,0.022350000000000005,-0.2610637931034483,0.019504651162790702,-138983.0,2713.0,-635.0,867.0
2025-04-01,213346.0,0,0.2015340909090909,0.44021166666666667,0.07274262295081968,-0.2005463768115942,-0.07231153846153845,119027.0,973.0,-142.0,1515.0
2025-04-02,198073.0,0,0.28503684210526314,0.5359416666666666,0.08670238095238096,0.011588679245283022,-0.10073571428571428,30068.0,2673.0,-716.0,1257.0
2025-04-03,143578.0,0,0.17886333333333332,0.4520675675675676,0.1474744680851064,-0.3072068181818182,-0.047046428571428565,-725816.1666666667,1775.0,-473.0,1057.0
2025-04-04,159953.0,0,0.1773625,0.40425833333333333,0.16299787234042554,-0.21743846153846155,-0.1731735294117647,38732.791666666744,469.0,-91.0,1099.0
2025-04-05,151865.0,0,0.1777125,0.48997916666666663,0.15107,-0.17821578947368422,-0.09928787878787877,47887.541666666744,1503.0,-360.0,1177.0
2025-04-06,261641.0,0,0.1493969696969697,0.4843603773584905,0.2564945454545455,-0.16686,-0.08672941176470586,6002.208333333256,1870.0,-399.0,1106.0
2025-04-07,259996.0,0,0.14254285714285714,0.38226956521739125,0.13362619047619048,0.009496153846153852,-0.0029933333333333257,-158762.95833333337,1739.0,-360.0,949.0
2025-04-08,264847.0,0,0.3673125,0.5220361111111111,0.14321627906976744,-0.16928636363636362,-0.1604025641025641,-6651.125,1564.0,-241.0,930.0
2025-04-09,218532.0,0,0.1664742857142857,0.397721052631579,0.10869354838709677,-0.208575,-0.15548787878787879,84722.54166666663,1836.0,-339.0,846.0
2025-04-10,217726.0,0,0.017596969696969698,0.4391083333333334,0.11609024390243904,-0.18153773584905658,-0.1310526315789474,-38949.875,1616.0,-364.0,828.0
2025-04-11,293210.0,0,0.10150638297872341,0.38274615384615385,0.120388,-0.11790204081632655,-0.05382820512820512,89221.20833333349,1766.0,-392.0,952.0
2025-04-12,297488.0,1,0.09194705882352942,0.3996489795918367,0.21964603174603176,-0.249430303030303,0.05877317073170732,102014.79166666651,2188.0,-427.0,1166.0
2025-04-13,373165.0,0,0.208275,0.4916829268292683,0.066328,-0.261035,-0.061323255813953495,-85747.95833333326,2125.0,-416.0,1155.0
2025-04-14,219651.0,0,0.07658378378378379,0.4220777777777778,0.06951136363636364,-0.22785818181818182,-0.04148823529411765,-163256.875,1766.0,-340.0,917.0
2025-04-15,199192.0,0,0.13481777777777776,0.468352,0.08863414634146341,-0.18488688524590163,0.05217575757575758,-1599.2083333333721,1471.0,-310.0,820.0
2025-04-16,188828.0,0,0.1724896551724138,0.4225195652173913,0.16498431372549022,-0.1841140625,-0.03407560975609755,76154.91666666663,1590.0,-369.0,863.0
2025-04-17,240771.0,0,0.181875,0.4893036363636364,0.15856764705882354,-0.18496714285714286,-0.016795238095238096,-38631.458333333256,1667.0,-365.0,792.0
2025-04-18,95864.0,0,0.18115294117647057,0.37277105263157895,0.04758,-0.286069696969697,-0.007728947368421056,91272.04166666674,2208.0,-514.0,897.0
2025-04-19,82840.0,0,0.26560697674418604,0.5058245283018867,0.15919454545454548,-0.22289814814814815,-0.17032758620689653,50738.458333333256,1104.0,-272.0,1005.0
2025-04-20,116193.0,0,0.23856222222222223,0.4455268292682927,0.1802676923076923,-0.2908541666666667,-0.05332,-55898.25,1737.0,-393.0,892.0
2025-04-21,209785.0,0,0.16533863636363635,0.4490638888888889,0.06530625000000001,-0.08098196721311475,-0.21809117647058823,-86009.0,2596.0,-621.0,816.0
2025-04-22,266519.0,0,0.09723611111111112,0.4895551020408163,0.1732127659574468,-0.03871764705882353,-0.1406795918367347,-24989.875,505.0,-111.0,848.0
2025-04-23,278913.0,0,0.09307045454545455,0.38943958333333334,0.1105576923076923,-0.24332884615384615,0.0021324324324324346,57578.0,1559.0,-382.0,739.0
2025-04-24,102965.0,0,0.3651185185185185,0.2937205128205128,0.13381739130434783,-0.3196867924528302,-0.11492093023255813,-28836.416666666628,1416.0,-398.0,749.0
2025-04-25,233952.0,0,0.29004545454545455,0.4002354166666667,0.140144,-0.23493018867924528,-0.04842,98459.87499999988,1344.0,-403.0,793.0
2025-04-26,246907.0,0,0.23518780487804877,0.51286,0.03301428571428572,-0.19013478260869565,-0.07733846153846152,99286.81869369373,1662.0,-448.0,915.0
2025-04-27,824618.0,0,0.21797575757575757,0.3129340909090909,0.205672,-0.18030757575757575,-0.1832769230769231,-163877.12424924923,1586.0,-353.0,844.0
2025-04-28,143281.0,0,0.1548,0.4196,0.2041090909090909,-0.1299,-0.10524666666666666,-89776.13194444438,1573.0,-438.0,804.0
2025-04-29,141651.0,0,0.1352388888888889,0.269775,0.05978636363636363,-0.23113055555555556,-0.2673214285714286,-8180.034722222248,1313.0,-338.0,764.0
2025-04-30,305042.0,0,0.248632,0.40959999999999996,0.16255454545454545,-0.0038066666666666618,-0.1448157894736842,86575.72916666663,1948.0,-428.0,799.0
2025-05-01,441253.0,0,0.027075000000000005,0.4098625,0.11262399999999997,-0.287188,-0.16786363636363638,8470.506944444496,1266.0,-400.0,1051.0
2025-05-02,291824.0,0,0.14327272727272727,0.5035642857142857,0.2529769230769231,-0.23149411764705882,-0.22684210526315793,-33398.58333333337,1616.0,-478.0,972.0
2025-05-03,291824.0,0,0.24795714285714285,0.534948,-0.05568461538461538,-0.26482285714285714,0.2380095238095238,-79220.9653594771,1694.0,-353.0,997.0
