DateTime,Final price,Historical Low,Players,Average Players,Followers,Positive reviews,Negative reviews
2025-04-10 01:00:00,,,,0.0,,,
2025-04-10 02:00:00,,,,0.0,,,
2025-04-10 03:00:00,,,,0.0,,,
2025-04-10 04:00:00,,,,0.0,,,
2025-04-10 05:00:00,,,,0.0,,,
2025-04-10 06:00:00,,,,0.0,,,
2025-04-10 07:00:00,,,,0.0,,,
2025-04-10 08:00:00,,,,0.0,,,
2025-04-10 09:00:00,,,,0.0,,,
2025-04-10 10:00:00,,,,0.0,,,
2025-04-10 11:00:00,,,,0.0,,,
2025-04-10 12:00:00,,,,0.0,,,
2025-04-10 13:00:00,,,,0.0,,,
2025-04-10 14:00:00,,,,0.0,,,
2025-04-10 15:00:00,,,,0.0,,,
2025-04-10 16:00:00,,,,0.0,,,
2025-04-10 17:00:00,,,,0.0,,,
2025-04-10 18:00:00,,,,0.0,,,
2025-04-10 19:00:00,,,,0.0,,,
2025-04-10 20:00:00,,,,0.0,,,
2025-04-10 21:00:00,,,,0.0,,,
2025-04-10 22:00:00,,,,0.0,,,
2025-04-10 23:00:00,,,,0.0,,,
2025-04-11 00:00:00,,,,0.0,,,
2025-04-11 01:00:00,,,,0.0,,,
2025-04-11 02:00:00,,,,0.0,,,
2025-04-11 03:00:00,,,,0.0,,,
2025-04-11 04:00:00,,,,0.0,,,
2025-04-11 05:00:00,,,,0.0,,,
2025-04-11 06:00:00,,,,0.0,,,
2025-04-11 07:00:00,,,,0.0,,,
2025-04-11 08:00:00,,,,0.0,,,
2025-04-11 09:00:00,,,,0.0,,,
2025-04-11 10:00:00,,,,0.0,,,
2025-04-11 11:00:00,,,,0.0,,,
2025-04-11 12:00:00,,,,0.0,,,
2025-04-11 13:00:00,,,,0.0,,,
2025-04-11 14:00:00,,,,0.0,,,
2025-04-11 15:00:00,,,,0.0,,,
2025-04-11 16:00:00,,,,0.0,,,
2025-04-11 17:00:00,,,,0.0,,,
2025-04-11 18:00:00,,,,0.0,,,
2025-04-11 19:00:00,,,,0.0,,,
2025-04-11 20:00:00,,,,0.0,,,
2025-04-11 21:00:00,,,,0.0,,,
2025-04-11 22:00:00,,,,0.0,,,
2025-04-11 23:00:00,,,,0.0,,,
2025-04-12 00:00:00,,,,0.0,,,
2025-04-12 01:00:00,,,,0.0,,,
2025-04-12 02:00:00,,,,0.0,,,
2025-04-12 03:00:00,,,,0.0,,,
2025-04-12 04:00:00,,,,0.0,,,
2025-04-12 05:00:00,,,,0.0,,,
2025-04-12 06:00:00,,,,0.0,,,
2025-04-12 07:00:00,,,,0.0,,,
2025-04-12 08:00:00,,,,0.0,,,
2025-04-12 09:00:00,,,,0.0,,,
2025-04-12 10:00:00,,,,0.0,,,
2025-04-12 11:00:00,,,,0.0,,,
2025-04-12 12:00:00,,,,0.0,,,
2025-04-12 13:00:00,,,,0.0,,,
2025-04-12 14:00:00,,,,0.0,,,
2025-04-12 15:00:00,,,,0.0,,,
2025-04-12 16:00:00,,,,0.0,,,
2025-04-12 17:00:00,,,,0.0,,,
2025-04-12 18:00:00,,,,0.0,,,
2025-04-12 19:00:00,,,,0.0,,,
2025-04-12 20:00:00,,,,0.0,,,
2025-04-12 21:00:00,,,,0.0,,,
2025-04-12 22:00:00,,,,0.0,,,
2025-04-12 23:00:00,,,,0.0,,,
2025-04-13 00:00:00,,,,0.0,,,
2025-04-13 01:00:00,,,,0.0,,,
2025-04-13 02:00:00,,,,0.0,,,
2025-04-13 03:00:00,,,,0.0,,,
2025-04-13 04:00:00,,,,0.0,,,
2025-04-13 05:00:00,,,,0.0,,,
2025-04-13 06:00:00,,,,0.0,,,
2025-04-13 07:00:00,,,,0.0,,,
2025-04-13 08:00:00,,,,0.0,,,
2025-04-13 09:00:00,,,,0.0,,,
2025-04-13 10:00:00,,,,0.0,,,
2025-04-13 11:00:00,,,,0.0,,,
2025-04-13 12:00:00,,,,0.0,,,
2025-04-13 13:00:00,,,,0.0,,,
2025-04-13 14:00:00,,,,0.0,,,
2025-04-13 15:00:00,,,,0.0,,,
2025-04-13 16:00:00,,,,0.0,,,
2025-04-13 17:00:00,,,,0.0,,,
2025-04-13 18:00:00,,,,0.0,,,
2025-04-13 19:00:00,,,,0.0,,,
2025-04-13 20:00:00,,,,0.0,,,
2025-04-13 21:00:00,,,,0.0,,,
2025-04-13 22:00:00,,,,0.0,,,
2025-04-13 23:00:00,,,,0.0,,,
2025-04-14 00:00:00,,,,0.0,,,
2025-04-14 01:00:00,,,,0.0,,,
2025-04-14 02:00:00,,,,0.0,,,
2025-04-14 03:00:00,,,,0.0,,,
2025-04-14 04:00:00,,,,0.0,,,
2025-04-14 05:00:00,,,,0.0,,,
2025-04-14 06:00:00,,,,0.0,,,
2025-04-14 07:00:00,,,,0.0,,,
2025-04-14 08:00:00,,,,0.0,,,
2025-04-14 09:00:00,,,,0.0,,,
2025-04-14 10:00:00,,,,0.0,,,
2025-04-14 11:00:00,,,,0.0,,,
2025-04-14 12:00:00,,,,0.0,,,
2025-04-14 13:00:00,,,,0.0,,,
2025-04-14 14:00:00,,,,0.0,,,
2025-04-14 15:00:00,,,,0.0,,,
2025-04-14 16:00:00,,,,0.0,,,
2025-04-14 17:00:00,,,,0.0,,,
2025-04-14 18:00:00,,,,0.0,,,
2025-04-14 19:00:00,,,,0.0,,,
2025-04-14 20:00:00,,,,0.0,,,
2025-04-14 21:00:00,,,,0.0,,,
2025-04-14 22:00:00,,,,0.0,,,
2025-04-14 23:00:00,,,,0.0,,,
2025-04-15 00:00:00,,,,0.0,,,
2025-04-15 01:00:00,,,,0.0,,,
2025-04-15 02:00:00,,,,0.0,,,
2025-04-15 03:00:00,,,,0.0,,,
2025-04-15 04:00:00,,,,0.0,,,
2025-04-15 05:00:00,,,,0.0,,,
2025-04-15 06:00:00,,,,0.0,,,
2025-04-15 07:00:00,,,,0.0,,,
2025-04-15 08:00:00,,,,0.0,,,
2025-04-15 09:00:00,,,,0.0,,,
2025-04-15 10:00:00,,,,0.0,,,
2025-04-15 11:00:00,,,,0.0,,,
2025-04-15 12:00:00,,,,0.0,,,
2025-04-15 13:00:00,,,,0.0,,,
2025-04-15 14:00:00,,,,0.0,,,
2025-04-15 15:00:00,,,,0.0,,,
2025-04-15 16:00:00,,,,0.0,,,
2025-04-15 17:00:00,,,,0.0,,,
2025-04-15 18:00:00,,,,0.0,,,
2025-04-15 19:00:00,,,,0.0,,,
2025-04-15 20:00:00,,,,0.0,,,
2025-04-15 21:00:00,,,,0.0,,,
2025-04-15 22:00:00,,,,0.0,,,
2025-04-15 23:00:00,,,,0.0,,,
2025-04-16 00:00:00,,,,0.0,,,
2025-04-16 01:00:00,,,,0.0,,,
2025-04-16 02:00:00,,,,0.0,,,
2025-04-16 03:00:00,,,,0.0,,,
2025-04-16 04:00:00,,,,0.0,,,
2025-04-16 05:00:00,,,,0.0,,,
2025-04-16 06:00:00,,,,0.0,,,
2025-04-16 07:00:00,,,,0.0,,,
2025-04-16 08:00:00,,,,0.0,,,
2025-04-16 09:00:00,,,,0.0,,,
2025-04-16 10:00:00,,,,0.0,,,
2025-04-16 11:00:00,,,,0.0,,,
2025-04-16 12:00:00,,,,0.0,,,
2025-04-16 13:00:00,,,,0.0,,,
2025-04-16 14:00:00,,,,0.0,,,
2025-04-16 15:00:00,,,,0.0,,,
2025-04-16 16:00:00,,,,0.0,,,
2025-04-16 17:00:00,,,,0.0,,,
2025-04-16 18:00:00,,,,0.0,,,
2025-04-16 19:00:00,,,,0.0,,,
2025-04-16 20:00:00,,,,0.0,,,
2025-04-16 21:00:00,,,,0.0,,,
2025-04-16 22:00:00,,,,0.0,,,
2025-04-16 23:00:00,,,,0.0,,,
2025-04-17 00:00:00,,,,0.0,,,
2025-04-17 01:00:00,,,,0.0,,,
2025-04-17 02:00:00,,,,0.0,,,
2025-04-17 03:00:00,,,,0.0,,,
2025-04-17 04:00:00,,,,0.0,,,
2025-04-17 05:00:00,,,,0.0,,,
2025-04-17 06:00:00,,,,0.0,,,
2025-04-17 07:00:00,,,,0.0,,,
2025-04-17 08:00:00,,,,0.0,,,
2025-04-17 09:00:00,,,,0.0,,,
2025-04-17 10:00:00,,,,0.0,,,
2025-04-17 11:00:00,,,,0.0,,,
2025-04-17 12:00:00,,,,0.0,,,
2025-04-17 13:00:00,,,,0.0,,,
2025-04-17 14:00:00,,,,0.0,,,
2025-04-17 15:00:00,,,,0.0,,,
2025-04-17 16:00:00,,,,0.0,,,
2025-04-17 17:00:00,,,,0.0,,,
2025-04-17 18:00:00,,,,0.0,,,
2025-04-17 19:00:00,,,,0.0,,,
2025-04-17 20:00:00,,,,0.0,,,
2025-04-17 21:00:00,,,,0.0,,,
2025-04-17 22:00:00,,,,0.0,,,
2025-04-17 23:00:00,,,,0.0,,,
2025-04-18 00:00:00,,,,0.0,,,
2025-04-18 01:00:00,,,,0.0,,,
2025-04-18 02:00:00,,,,0.0,,,
2025-04-18 03:00:00,,,,0.0,,,
2025-04-18 04:00:00,,,,0.0,,,
2025-04-18 05:00:00,,,,0.0,,,
2025-04-18 06:00:00,,,,0.0,,,
2025-04-18 07:00:00,,,,0.0,,,
2025-04-18 08:00:00,,,,0.0,,,
2025-04-18 09:00:00,,,,0.0,,,
2025-04-18 10:00:00,,,,0.0,,,
2025-04-18 11:00:00,,,,0.0,,,
2025-04-18 12:00:00,,,,0.0,,,
2025-04-18 13:00:00,,,,0.0,,,
2025-04-18 14:00:00,,,,0.0,,,
2025-04-18 15:00:00,,,,0.0,,,
2025-04-18 16:00:00,,,,0.0,,,
2025-04-18 17:00:00,,,,0.0,,,
2025-04-18 18:00:00,,,,0.0,,,
2025-04-18 19:00:00,,,,0.0,,,
2025-04-18 20:00:00,,,,0.0,,,
2025-04-18 21:00:00,,,,0.0,,,
2025-04-18 22:00:00,,,,0.0,,,
2025-04-18 23:00:00,,,,0.0,,,
2025-04-19 00:00:00,,,,0.0,,,
2025-04-19 01:00:00,,,,0.0,,,
2025-04-19 02:00:00,,,,0.0,,,
2025-04-19 03:00:00,,,,0.0,,,
2025-04-19 04:00:00,,,,0.0,,,
2025-04-19 05:00:00,,,,0.0,,,
2025-04-19 06:00:00,,,,0.0,,,
2025-04-19 07:00:00,,,,0.0,,,
2025-04-19 08:00:00,,,,0.0,,,
2025-04-19 09:00:00,,,,0.0,,,
2025-04-19 10:00:00,,,,0.0,,,
2025-04-19 11:00:00,,,,0.0,,,
2025-04-19 12:00:00,,,,0.0,,,
2025-04-19 13:00:00,,,,0.0,,,
2025-04-19 14:00:00,,,,0.0,,,
2025-04-19 15:00:00,,,,0.0,,,
2025-04-19 16:00:00,,,,0.0,,,
2025-04-19 17:00:00,,,,0.0,,,
2025-04-19 18:00:00,,,,0.0,,,
2025-04-19 19:00:00,,,,0.0,,,
2025-04-19 20:00:00,,,,0.0,,,
2025-04-19 21:00:00,,,,0.0,,,
2025-04-19 22:00:00,,,,0.0,,,
2025-04-19 23:00:00,,,,0.0,,,
2025-04-20 00:00:00,,,,0.0,,,
2025-04-20 01:00:00,,,,0.0,,,
2025-04-20 02:00:00,,,,0.0,,,
2025-04-20 03:00:00,,,,0.0,,,
2025-04-20 04:00:00,,,,0.0,,,
2025-04-20 05:00:00,,,,0.0,,,
2025-04-20 06:00:00,,,,0.0,,,
2025-04-20 07:00:00,,,,0.0,,,
2025-04-20 08:00:00,,,,0.0,,,
2025-04-20 09:00:00,,,,0.0,,,
2025-04-20 10:00:00,,,,0.0,,,
2025-04-20 11:00:00,,,,0.0,,,
2025-04-20 12:00:00,,,,0.0,,,
2025-04-20 13:00:00,,,,0.0,,,
2025-04-20 14:00:00,,,,0.0,,,
2025-04-20 15:00:00,,,,0.0,,,
2025-04-20 16:00:00,,,,0.0,,,
2025-04-20 17:00:00,,,,0.0,,,
2025-04-20 18:00:00,,,,0.0,,,
2025-04-20 19:00:00,,,,0.0,,,
2025-04-20 20:00:00,,,,0.0,,,
2025-04-20 21:00:00,,,,0.0,,,
2025-04-20 22:00:00,,,,0.0,,,
2025-04-20 23:00:00,,,,0.0,,,
2025-04-21 00:00:00,,,,0.0,,,
2025-04-21 01:00:00,,,,0.0,,,
2025-04-21 02:00:00,,,,0.0,,,
2025-04-21 03:00:00,,,,0.0,,,
2025-04-21 04:00:00,,,,0.0,,,
2025-04-21 05:00:00,,,,0.0,,,
2025-04-21 06:00:00,,,,0.0,,,
2025-04-21 07:00:00,,,,0.0,,,
2025-04-21 08:00:00,,,,0.0,,,
2025-04-21 09:00:00,,,,0.0,,,
2025-04-21 10:00:00,,,,0.0,,,
2025-04-21 11:00:00,,,,0.0,,,
2025-04-21 12:00:00,,,,0.0,,,
2025-04-21 13:00:00,,,,0.0,,,
2025-04-21 14:00:00,,,,0.0,,,
2025-04-21 15:00:00,,,,0.0,,,
2025-04-21 16:00:00,,,,354.0,,,
2025-04-21 17:00:00,,,,2166.0,,,
2025-04-21 18:00:00,,,,4750.0,,,
2025-04-21 19:00:00,,,,7931.0,,,
2025-04-21 20:00:00,,,,11541.0,,,
2025-04-21 21:00:00,,,,15380.0,,,
2025-04-21 22:00:00,,,,19332.0,,,
2025-04-21 23:00:00,,,,23368.0,,,
2025-04-22 00:00:00,,,,27672.0,,2766.0,-569.0
2025-04-22 01:00:00,,,,32188.0,,,
2025-04-22 02:00:00,,,,36734.0,,,
2025-04-22 03:00:00,,,,41235.0,,,
2025-04-22 04:00:00,,,,45395.0,,,
2025-04-22 05:00:00,,,,48974.0,,,
2025-04-22 06:00:00,,,,51934.0,,,
2025-04-22 07:00:00,,,,54303.0,,,
2025-04-22 08:00:00,,,,56274.0,,,
2025-04-22 09:00:00,,,,58016.0,,,
2025-04-22 10:00:00,,,,59698.0,,,
2025-04-22 11:00:00,,,,61460.0,,,
2025-04-22 12:00:00,,,,63403.0,,,
2025-04-22 13:00:00,,,,65600.0,,,
2025-04-22 14:00:00,,,,68112.0,,,
2025-04-22 15:00:00,,,13683.0,71191.0,,,
2025-04-22 15:05:03,"264,9","264,9",,,,,
2025-04-22 16:00:00,,,70144.0,75216.0,,,
2025-04-22 17:00:00,,,100416.0,78686.0,,,
2025-04-22 18:00:00,,,124055.0,82084.0,,,
2025-04-22 19:00:00,,,141360.0,85458.0,,,
2025-04-22 20:00:00,,,150879.0,88722.0,,,
2025-04-22 21:00:00,,,155987.0,91871.0,,,
2025-04-22 22:00:00,,,159949.0,94964.0,,,
2025-04-22 23:00:00,,,171221.0,98207.0,,,
2025-04-23 00:00:00,,,180328.0,101520.0,68681.0,9283.0,-1995.0
2025-04-23 01:00:00,,,182298.0,104838.0,,,
2025-04-23 02:00:00,,,181368.0,108131.0,,,
2025-04-23 03:00:00,,,168628.0,111155.0,,,
2025-04-23 04:00:00,,,146330.0,113730.0,,,
2025-04-23 05:00:00,,,122312.0,115814.0,,,
2025-04-23 06:00:00,,,99247.0,117491.0,,,
2025-04-23 07:00:00,,,83768.0,118922.0,,,
2025-04-23 08:00:00,,,74980.0,120213.0,,,
2025-04-23 09:00:00,,,72912.0,121483.0,,,
2025-04-23 10:00:00,,,76446.0,122820.0,,,
2025-04-23 11:00:00,,,84135.0,124291.0,,,
2025-04-23 12:00:00,,,94772.0,125945.0,,,
2025-04-23 13:00:00,,,108015.0,127812.0,,,
2025-04-23 14:00:00,,,122039.0,129902.0,,,
2025-04-23 15:00:00,,,135373.0,131955.0,,,
2025-04-23 16:00:00,,,148147.0,133166.0,,,
2025-04-23 17:00:00,,,158676.0,133989.0,,,
2025-04-23 18:00:00,,,168715.0,134563.0,,,
2025-04-23 19:00:00,,,174307.0,134907.0,,,
2025-04-23 20:00:00,,,174802.0,135099.0,,,
2025-04-23 21:00:00,,,174159.0,135204.0,,,
2025-04-23 22:00:00,,,175479.0,135273.0,,,
2025-04-23 23:00:00,,,182255.0,135236.0,,,
2025-04-24 00:00:00,,,189372.0,135130.0,87017.0,4208.0,-949.0
2025-04-24 01:00:00,,,190119.0,134992.0,,,
2025-04-24 02:00:00,,,186620.0,134825.0,,,
2025-04-24 03:00:00,,,170928.0,134648.0,,,
2025-04-24 04:00:00,,,145303.0,134499.0,,,
2025-04-24 05:00:00,,,121006.0,134461.0,,,
2025-04-24 06:00:00,,,98808.0,134492.0,,,
2025-04-24 07:00:00,,,83715.0,134567.0,,,
2025-04-24 08:00:00,,,75265.0,134652.0,,,
2025-04-24 09:00:00,,,72963.0,134723.0,,,
2025-04-24 10:00:00,,,75864.0,134758.0,,,
2025-04-24 11:00:00,,,82681.0,134747.0,,,
2025-04-24 12:00:00,,,91562.0,134698.0,,,
2025-04-24 13:00:00,,,102806.0,134634.0,,,
2025-04-24 14:00:00,,,114861.0,134564.0,,,
2025-04-24 15:00:00,,,126136.0,134452.0,,,
2025-04-24 16:00:00,,,137491.0,134287.0,,,
2025-04-24 17:00:00,,,147855.0,134081.0,,,
2025-04-24 18:00:00,,,157157.0,133812.0,,,
2025-04-24 19:00:00,,,163213.0,133559.0,,,
2025-04-24 20:00:00,,,164477.0,133391.0,,,
2025-04-24 21:00:00,,,164305.0,133307.0,,,
2025-04-24 22:00:00,,,164566.0,133207.0,,,
2025-04-24 23:00:00,,,169886.0,133046.0,,,
2025-04-25 00:00:00,,,176442.0,132702.0,95299.0,2550.0,-542.0
2025-04-25 01:00:00,,,178010.0,132300.0,,,
2025-04-25 02:00:00,,,176492.0,131949.0,,,
2025-04-25 03:00:00,,,164800.0,131713.0,,,
2025-04-25 04:00:00,,,144347.0,131739.0,,,
2025-04-25 05:00:00,,,122342.0,131991.0,,,
2025-04-25 06:00:00,,,101842.0,132384.0,,,
2025-04-25 07:00:00,,,86891.0,132834.0,,,
2025-04-25 08:00:00,,,78046.0,133282.0,,,
2025-04-25 09:00:00,,,74656.0,133719.0,,,
2025-04-25 10:00:00,,,76284.0,134175.0,,,
2025-04-25 11:00:00,,,82942.0,134656.0,,,
2025-04-25 12:00:00,,,92991.0,135202.0,,,
2025-04-25 13:00:00,,,105704.0,135853.0,,,
2025-04-25 14:00:00,,,117803.0,136595.0,,,
2025-04-25 15:00:00,,,127971.0,137422.0,,,
2025-04-25 16:00:00,,,137674.0,138273.0,,,
2025-04-25 17:00:00,,,145841.0,139067.0,,,
2025-04-25 18:00:00,,,155552.0,139892.0,,,
2025-04-25 19:00:00,,,164850.0,140774.0,,,
2025-04-25 20:00:00,,,169638.0,141679.0,,,
2025-04-25 21:00:00,,,169781.0,142495.0,,,
2025-04-25 22:00:00,,,168683.0,143253.0,,,
2025-04-25 23:00:00,,,166033.0,143706.0,,,
2025-04-26 00:00:00,,,169157.0,143948.0,100865.0,3261.0,-787.0
2025-04-26 01:00:00,,,171263.0,144030.0,,,
2025-04-26 02:00:00,,,171287.0,144052.0,,,
2025-04-26 03:00:00,,,166961.0,144207.0,,,
2025-04-26 04:00:00,,,155068.0,144533.0,,,
2025-04-26 05:00:00,,,138080.0,144969.0,,,
2025-04-26 06:00:00,,,120272.0,145464.0,,,
2025-04-26 07:00:00,,,105695.0,145944.0,,,
2025-04-26 08:00:00,,,97473.0,146431.0,,,
2025-04-26 09:00:00,,,96382.0,146971.0,,,
2025-04-26 10:00:00,,,99504.0,147564.0,,,
2025-04-26 11:00:00,,,108219.0,148202.0,,,
2025-04-26 12:00:00,,,122035.0,148925.0,,,
2025-04-26 13:00:00,,,139228.0,149735.0,,,
2025-04-26 14:00:00,,,156796.0,150692.0,,,
2025-04-26 15:00:00,,,170043.0,151751.0,,,
2025-04-26 16:00:00,,,179455.0,152825.0,,,
2025-04-26 17:00:00,,,188985.0,153983.0,,,
2025-04-26 18:00:00,,,198316.0,155178.0,,,
2025-04-26 19:00:00,,,205281.0,156364.0,,,
2025-04-26 20:00:00,,,205499.0,157383.0,,,
2025-04-26 21:00:00,,,204438.0,158372.0,,,
2025-04-26 22:00:00,,,196836.0,159128.0,,,
2025-04-26 23:00:00,,,187530.0,159634.0,,,
2025-04-27 00:00:00,,,182254.0,159921.0,105582.0,2071.0,-478.0
2025-04-27 01:00:00,,,179734.0,160118.0,,,
2025-04-27 02:00:00,,,178471.0,160280.0,,,
2025-04-27 03:00:00,,,173321.0,160285.0,,,
2025-04-27 04:00:00,,,161452.0,160092.0,,,
2025-04-27 05:00:00,,,144362.0,159698.0,,,
2025-04-27 06:00:00,,,125304.0,159154.0,,,
2025-04-27 07:00:00,,,110263.0,158591.0,,,
2025-04-27 08:00:00,,,102122.0,158055.0,,,
2025-04-27 09:00:00,,,101931.0,157559.0,,,
2025-04-27 10:00:00,,,104891.0,157009.0,,,
2025-04-27 11:00:00,,,113544.0,156402.0,,,
2025-04-27 12:00:00,,,126493.0,155694.0,,,
2025-04-27 13:00:00,,,144847.0,154904.0,,,
2025-04-27 14:00:00,,,163894.0,153987.0,,,
2025-04-27 15:00:00,,,178045.0,152947.0,,,
2025-04-27 16:00:00,,,190084.0,151916.0,,,
2025-04-27 17:00:00,,,201765.0,150925.0,,,
2025-04-27 18:00:00,,,213299.0,149976.0,,,
2025-04-27 19:00:00,,,216784.0,148929.0,,,
2025-04-27 20:00:00,,,216680.0,147926.0,,,
2025-04-27 21:00:00,,,211002.0,146822.0,,,
2025-04-27 22:00:00,,,198104.0,145668.0,,,
2025-04-27 23:00:00,,,187298.0,144672.0,,,
2025-04-28 00:00:00,,,182828.0,144005.0,109224.0,1987.0,-414.0
2025-04-28 01:00:00,,,179938.0,143536.0,,,
2025-04-28 02:00:00,,,171231.0,142965.0,,,
2025-04-28 03:00:00,,,155211.0,142242.0,,,
2025-04-28 04:00:00,,,132324.0,141291.0,,,
2025-04-28 05:00:00,,,108477.0,140230.0,,,
2025-04-28 06:00:00,,,88704.0,139207.0,,,
2025-04-28 07:00:00,,,74791.0,138249.0,,,
2025-04-28 08:00:00,,,67451.0,137351.0,,,
2025-04-28 09:00:00,,,64209.0,136390.0,,,
2025-04-28 10:00:00,,,63874.0,135349.0,,,
2025-04-28 11:00:00,,,67726.0,134186.0,,,
2025-04-28 12:00:00,,,74211.0,132845.0,,,
2025-04-28 13:00:00,,,83164.0,131242.0,,,
2025-04-28 14:00:00,,,93614.0,129392.0,,,
2025-04-28 15:00:00,,,104265.0,127421.0,,,
2025-04-28 16:00:00,,,115131.0,125379.0,,,
2025-04-28 17:00:00,,,125600.0,123267.0,,,
2025-04-28 18:00:00,,,135723.0,121083.0,,,
2025-04-28 19:00:00,,,141616.0,118927.0,,,
2025-04-28 20:00:00,,,141542.0,116753.0,,,
2025-04-28 21:00:00,,,139845.0,114677.0,,,
2025-04-28 22:00:00,,,137722.0,112879.0,,,
2025-04-28 23:00:00,,,144360.0,111524.0,,,
2025-04-29 00:00:00,,,151640.0,110447.0,111696.0,1534.0,-294.0
2025-04-29 01:00:00,,,153163.0,109462.0,,,
2025-04-29 02:00:00,,,151057.0,108631.0,,,
2025-04-29 03:00:00,,,137594.0,107871.0,,,
2025-04-29 04:00:00,,,118004.0,107236.0,,,
2025-04-29 05:00:00,,,97628.0,106729.0,,,
2025-04-29 06:00:00,,,80246.0,106329.0,,,
2025-04-29 07:00:00,,,68886.0,106040.0,,,
2025-04-29 08:00:00,,,62470.0,105793.0,,,
2025-04-29 09:00:00,,,59606.0,105564.0,,,
2025-04-29 10:00:00,,,59404.0,105347.0,,,
2025-04-29 11:00:00,,,62576.0,105118.0,,,
2025-04-29 12:00:00,,,67770.0,104856.0,,,
2025-04-29 13:00:00,,,75270.0,104554.0,,,
2025-04-29 14:00:00,,,84143.0,104198.0,,,
2025-04-29 15:00:00,,,92751.0,103769.0,,,
2025-04-29 16:00:00,,,101628.0,103264.0,,,
2025-04-29 17:00:00,,,110312.0,102690.0,,,
2025-04-29 18:00:00,,,118776.0,102048.0,,,
2025-04-29 19:00:00,,,123941.0,101380.0,,,
2025-04-29 20:00:00,,,124092.0,100737.0,,,
2025-04-29 21:00:00,,,122823.0,100135.0,,,
2025-04-29 22:00:00,,,120796.0,99554.0,,,
2025-04-29 23:00:00,,,126048.0,98970.0,,,
2025-04-30 00:00:00,,,132040.0,98329.0,113712.0,1105.0,-210.0
2025-04-30 01:00:00,,,132535.0,97642.0,,,
2025-04-30 02:00:00,,,130804.0,96967.0,,,
2025-04-30 03:00:00,,,119793.0,96357.0,,,
2025-04-30 04:00:00,,,102620.0,95828.0,,,
2025-04-30 05:00:00,,,85020.0,95409.0,,,
2025-04-30 06:00:00,,,70501.0,95094.0,,,
2025-04-30 07:00:00,,,60256.0,94851.0,,,
2025-04-30 08:00:00,,,54320.0,94675.0,,,
2025-04-30 09:00:00,,,51982.0,94590.0,,,
2025-04-30 10:00:00,,,52135.0,94558.0,,,
2025-04-30 11:00:00,,,55420.0,94551.0,,,
2025-04-30 12:00:00,,,60435.0,94541.0,,,
2025-04-30 13:00:00,,,67185.0,94504.0,,,
2025-04-30 14:00:00,,,74827.0,94417.0,,,
2025-04-30 15:00:00,,,81902.0,94259.0,,,
2025-04-30 16:00:00,,,89335.0,94025.0,,,
2025-04-30 17:00:00,,,96523.0,93710.0,,,
2025-04-30 18:00:00,,,104544.0,93346.0,,,
2025-04-30 19:00:00,,,111004.0,92981.0,,,
2025-04-30 20:00:00,,,113254.0,92646.0,,,
2025-04-30 21:00:00,,,113235.0,92322.0,,,
2025-04-30 22:00:00,,,113620.0,92055.0,,,
2025-04-30 23:00:00,,,117398.0,91710.0,,,
2025-05-01 00:00:00,,,122293.0,91324.0,115810.0,1192.0,-241.0
2025-05-01 01:00:00,,,122985.0,90935.0,,,
2025-05-01 02:00:00,,,121191.0,90542.0,,,
2025-05-01 03:00:00,,,111268.0,90188.0,,,
2025-05-01 04:00:00,,,96582.0,89921.0,,,
2025-05-01 05:00:00,,,80850.0,89718.0,,,
2025-05-01 06:00:00,,,69235.0,89617.0,,,
2025-05-01 07:00:00,,,62872.0,89633.0,,,
2025-05-01 08:00:00,,,62385.0,89795.0,,,
2025-05-01 09:00:00,,,63378.0,90013.0,,,
2025-05-01 10:00:00,,,65121.0,90271.0,,,
2025-05-01 11:00:00,,,68812.0,90543.0,,,
2025-05-01 12:00:00,,,73497.0,90815.0,,,
2025-05-01 13:00:00,,,79331.0,91077.0,,,
2025-05-01 14:00:00,,,85030.0,91301.0,,,
2025-05-01 15:00:00,,,89741.0,91465.0,,,
2025-05-01 16:00:00,,,94422.0,91555.0,,,
2025-05-01 17:00:00,,,99145.0,91568.0,,,
2025-05-01 18:00:00,,,104517.0,91510.0,,,
2025-05-01 19:00:00,,,108884.0,91405.0,,,
2025-05-01 20:00:00,,,109395.0,91268.0,,,
2025-05-01 21:00:00,,,108571.0,91127.0,,,
2025-05-01 22:00:00,,,106271.0,90914.0,,,
2025-05-01 23:00:00,,,109296.0,90687.0,,,
2025-05-02 00:00:00,,,113534.0,90383.0,117695.0,1072.0,-243.0
2025-05-02 01:00:00,,,114159.0,90061.0,,,
2025-05-02 02:00:00,,,112900.0,89771.0,,,
2025-05-02 03:00:00,,,104167.0,89533.0,,,
2025-05-02 04:00:00,,,90295.0,89385.0,,,
2025-05-02 05:00:00,,,75989.0,89344.0,,,
2025-05-02 06:00:00,,,64732.0,89346.0,,,
2025-05-02 07:00:00,,,57432.0,89316.0,,,
2025-05-02 08:00:00,,,53624.0,89172.0,,,
2025-05-02 09:00:00,,,53977.0,89000.0,,,
2025-05-02 10:00:00,,,55667.0,88819.0,,,
2025-05-02 11:00:00,,,59901.0,88663.0,,,
2025-05-02 12:00:00,,,65798.0,88562.0,,,
2025-05-02 13:00:00,,,72907.0,88536.0,,,
2025-05-02 14:00:00,,,79166.0,88575.0,,,
2025-05-02 15:00:00,,,84334.0,88669.0,,,
2025-05-02 16:00:00,,,88578.0,88772.0,,,
2025-05-02 17:00:00,,,93784.0,88897.0,,,
2025-05-02 18:00:00,,,100279.0,89067.0,,,
2025-05-02 19:00:00,,,106288.0,89282.0,,,
2025-05-02 20:00:00,,,108414.0,89529.0,,,
2025-05-02 21:00:00,,,108355.0,89780.0,,,
2025-05-02 22:00:00,,,106715.0,90036.0,,,
2025-05-02 23:00:00,,,105018.0,90107.0,,,
2025-05-03 00:00:00,,,107961.0,90083.0,119263.0,1135.0,-275.0
2025-05-03 01:00:00,,,110022.0,90026.0,,,
2025-05-03 02:00:00,,,110097.0,89976.0,,,
2025-05-03 03:00:00,,,107087.0,90100.0,,,
2025-05-03 04:00:00,,,98903.0,90395.0,,,
2025-05-03 05:00:00,,,87461.0,90777.0,,,
2025-05-03 06:00:00,,,75950.0,91142.0,,,
2025-05-03 07:00:00,,,67796.0,91478.0,,,
2025-05-03 08:00:00,,,63336.0,91790.0,,,
2025-05-03 09:00:00,,,63228.0,92096.0,,,
2025-05-03 10:00:00,,,65806.0,92446.0,,,
2025-05-03 11:00:00,,,71947.0,92854.0,,,
2025-05-03 12:00:00,,,81163.0,93374.0,,,
2025-05-03 13:00:00,,,92928.0,94047.0,,,
2025-05-03 14:00:00,,,103176.0,94853.0,,,
2025-05-03 15:00:00,,,110601.0,95752.0,,,
2025-05-03 16:00:00,,,115921.0,96703.0,,,
2025-05-03 17:00:00,,,122312.0,97716.0,,,
2025-05-03 17:20:00,,,118974.0,,,,
2025-05-03 17:30:00,,,119938.0,,,,
2025-05-03 17:40:00,,,121125.0,,,,
2025-05-03 17:50:00,,,122312.0,,,,
2025-05-03 18:00:00,,,123245.0,98723.0,,,
2025-05-03 18:10:00,,,124155.0,,,,
2025-05-03 18:20:00,,,125082.0,,,,
2025-05-03 18:30:00,,,126237.0,,,,
2025-05-03 18:40:00,,,126912.0,,,,
2025-05-03 18:50:00,,,128708.0,,,,
2025-05-03 19:00:00,,,129614.0,99689.0,,,
2025-05-03 19:10:00,,,130415.0,,,,
2025-05-03 19:20:00,,,131345.0,,,,
2025-05-03 19:30:00,,,132252.0,,,,
2025-05-03 19:40:00,,,133047.0,,,,
2025-05-03 19:50:00,,,133406.0,,,,
2025-05-03 20:00:00,,,133645.0,100578.0,,,
2025-05-03 20:10:00,,,133891.0,,,,
2025-05-03 20:20:00,,,133888.0,,,,
2025-05-03 20:30:00,,,133661.0,,,,
2025-05-03 20:40:00,,,133554.0,,,,
2025-05-03 20:50:00,,,133351.0,,,,
2025-05-03 21:00:00,,,132702.0,101420.0,,,
2025-05-03 21:10:00,,,132051.0,,,,
2025-05-03 21:20:00,,,131477.0,,,,
2025-05-03 21:30:00,,,130731.0,,,,
2025-05-03 21:40:00,,,129851.0,,,,
2025-05-03 21:50:00,,,128963.0,,,,
2025-05-03 22:00:00,,,127698.0,102125.0,,,
2025-05-03 22:10:00,,,126362.0,,,,
2025-05-03 22:20:00,,,125377.0,,,,
2025-05-03 22:30:00,,,124418.0,,,,
2025-05-03 22:40:00,,,123093.0,,,,
2025-05-03 22:50:00,,,122129.0,,,,
2025-05-03 23:00:00,,,121105.0,102644.0,,,
2025-05-03 23:10:00,,,119776.0,,,,
2025-05-03 23:20:00,,,119023.0,,,,
2025-05-03 23:30:00,,,118516.0,,,,
2025-05-03 23:40:00,,,117869.0,,,,
2025-05-03 23:50:00,,,117303.0,,,,
2025-05-04 00:00:00,,,116773.0,102932.0,120900.0,801.0,-178.0
2025-05-04 00:10:00,,,116143.0,,,,
2025-05-04 00:20:00,,,116058.0,,,,
2025-05-04 00:30:00,,,115777.0,,,,
2025-05-04 00:40:00,,,115754.0,,,,
2025-05-04 00:50:00,,,115731.0,,,,
2025-05-04 01:00:00,,,115688.0,103130.0,,,
2025-05-04 01:10:00,,,115408.0,,,,
2025-05-04 01:20:00,,,115391.0,,,,
2025-05-04 01:30:00,,,115443.0,,,,
2025-05-04 01:40:00,,,115599.0,,,,
2025-05-04 01:50:00,,,115539.0,,,,
2025-05-04 02:00:00,,,115329.0,103302.0,,,
2025-05-04 02:10:00,,,114842.0,,,,
2025-05-04 02:20:00,,,114305.0,,,,
2025-05-04 02:30:00,,,113920.0,,,,
2025-05-04 02:40:00,,,113152.0,,,,
2025-05-04 02:50:00,,,112469.0,,,,
2025-05-04 03:00:00,,,111696.0,103400.0,,,
2025-05-04 03:10:00,,,110393.0,,,,
2025-05-04 03:20:00,,,109141.0,,,,
2025-05-04 03:30:00,,,107922.0,,,,
2025-05-04 03:40:00,,,106376.0,,,,
2025-05-04 03:50:00,,,104897.0,,,,
2025-05-04 04:00:00,,,103115.0,103422.0,,,
2025-05-04 04:10:00,,,100794.0,,,,
2025-05-04 04:20:00,,,98888.0,,,,
2025-05-04 04:30:00,,,96818.0,,,,
2025-05-04 04:40:00,,,94810.0,,,,
2025-05-04 04:50:00,,,92968.0,,,,
2025-05-04 05:00:00,,,90648.0,103356.0,,,
2025-05-04 05:10:00,,,88393.0,,,,
2025-05-04 05:20:00,,,86551.0,,,,
2025-05-04 05:30:00,,,84406.0,,,,
2025-05-04 05:40:00,,,82394.0,,,,
2025-05-04 05:50:00,,,80728.0,,,,
2025-05-04 06:00:00,,,78907.0,103266.0,,,
2025-05-04 06:10:00,,,76831.0,,,,
2025-05-04 06:20:00,,,75450.0,,,,
2025-05-04 06:30:00,,,73867.0,,,,
2025-05-04 06:40:00,,,72534.0,,,,
2025-05-04 06:50:00,,,71360.0,,,,
2025-05-04 07:00:00,,,70341.0,103162.0,,,
2025-05-04 07:10:00,,,69056.0,,,,
2025-05-04 07:20:00,,,68180.0,,,,
2025-05-04 07:30:00,,,67675.0,,,,
2025-05-04 07:40:00,,,67094.0,,,,
2025-05-04 07:50:00,,,66886.0,,,,
2025-05-04 08:00:00,,,66520.0,103092.0,,,
2025-05-04 08:10:00,,,66172.0,,,,
2025-05-04 08:20:00,,,66068.0,,,,
2025-05-04 08:30:00,,,66050.0,,,,
2025-05-04 08:40:00,,,66374.0,,,,
2025-05-04 08:50:00,,,66640.0,,,,
2025-05-04 09:00:00,,,66790.0,103073.0,,,
2025-05-04 09:10:00,,,66971.0,,,,
2025-05-04 09:20:00,,,67158.0,,,,
2025-05-04 09:30:00,,,67216.0,,,,
2025-05-04 09:40:00,,,67647.0,,,,
2025-05-04 09:50:00,,,68042.0,,,,
2025-05-04 10:00:00,,,68052.0,103031.0,,,
2025-05-04 10:10:00,,,68308.0,,,,
2025-05-04 10:20:00,,,68680.0,,,,
2025-05-04 10:30:00,,,69041.0,,,,
2025-05-04 10:40:00,,,69596.0,,,,
2025-05-04 10:50:00,,,70341.0,,,,
2025-05-04 11:00:00,,,71180.0,103001.0,,,
2025-05-04 11:10:00,,,71958.0,,,,
2025-05-04 11:20:00,,,73065.0,,,,
2025-05-04 11:30:00,,,74275.0,,,,
2025-05-04 11:40:00,,,75529.0,,,,
2025-05-04 11:50:00,,,76989.0,,,,
2025-05-04 12:00:00,,,78306.0,102951.0,,,
2025-05-04 12:10:00,,,79913.0,,,,
2025-05-04 12:20:00,,,81296.0,,,,
2025-05-04 12:30:00,,,82956.0,,,,
2025-05-04 12:40:00,,,84847.0,,,,
2025-05-04 12:50:00,,,86551.0,,,,
2025-05-04 13:00:00,,,87999.0,102878.0,,,
2025-05-04 13:10:00,,,90119.0,,,,
2025-05-04 13:20:00,,,92200.0,,,,
2025-05-04 13:30:00,,,94225.0,,,,
2025-05-04 13:40:00,,,96499.0,,,,
2025-05-04 13:50:00,,,98768.0,,,,
2025-05-04 14:00:00,,,100776.0,102820.0,,,
2025-05-04 14:10:00,,,102696.0,,,,
2025-05-04 14:20:00,,,104939.0,,,,
2025-05-04 14:30:00,,,106791.0,,,,
2025-05-04 14:40:00,,,108986.0,,,,
2025-05-04 14:50:00,,,110873.0,,,,
2025-05-04 15:00:00,,,112605.0,102780.0,,,
2025-05-04 15:10:00,,,114208.0,,,,
2025-05-04 15:20:00,,,115800.0,,,,
2025-05-04 15:30:00,,,117232.0,,,,
2025-05-04 15:40:00,,,118757.0,,,,
2025-05-04 15:50:00,,,120042.0,,,,
2025-05-04 16:00:00,,,121073.0,102795.0,,,
2025-05-04 16:10:00,,,122245.0,,,,
2025-05-04 16:20:00,,,123354.0,,,,
2025-05-04 16:30:00,,,124750.0,,,,
2025-05-04 16:40:00,,,126230.0,,,,
2025-05-04 16:50:00,,,127529.0,,,,
2025-05-04 17:00:00,,,128485.0,102787.0,,,
2025-05-04 17:10:00,,,129153.0,,,,
2025-05-04 17:20:00,,,130230.0,,,,
2025-05-04 17:30:00,,,131340.0,,,,
2025-05-04 17:40:00,,,132505.0,,,,
2025-05-04 17:50:00,,,133445.0,,,,
2025-05-04 18:00:00,,,134287.0,102784.0,,,
2025-05-04 18:10:00,,,135524.0,,,,
2025-05-04 18:20:00,,,136619.0,,,,
2025-05-04 18:30:00,,,137801.0,,,,
2025-05-04 18:40:00,,,138884.0,,,,
2025-05-04 18:50:00,,,139824.0,,,,
2025-05-04 19:00:00,,,140544.0,102684.0,,,
2025-05-04 19:10:00,,,140776.0,,,,
2025-05-04 19:20:00,,,141275.0,,,,
2025-05-04 19:30:00,,,141654.0,,,,
2025-05-04 19:40:00,,,141739.0,,,,
2025-05-04 19:50:00,,,141487.0,,,,
2025-05-04 20:00:00,,,140837.0,102549.0,,,
2025-05-04 20:10:00,,,139771.0,,,,
2025-05-04 20:20:00,,,139373.0,,,,
2025-05-04 20:30:00,,,138892.0,,,,
2025-05-04 20:40:00,,,138318.0,,,,
2025-05-04 20:50:00,,,137629.0,,,,
2025-05-04 21:00:00,,,136441.0,102317.0,,,
2025-05-04 21:10:00,,,134762.0,,,,
2025-05-04 21:20:00,,,133534.0,,,,
2025-05-04 21:30:00,,,132066.0,,,,
2025-05-04 21:40:00,,,130697.0,,,,
2025-05-04 21:50:00,,,129750.0,,,,
2025-05-04 22:00:00,,,128270.0,101999.0,,,
2025-05-04 22:10:00,,,126869.0,,,,
2025-05-04 22:20:00,,,125674.0,,,,
2025-05-04 22:30:00,,,124720.0,,,,
2025-05-04 22:40:00,,,123680.0,,,,
2025-05-04 22:50:00,,,122755.0,,,,
2025-05-04 23:00:00,,,122180.0,101740.0,,,
2025-05-04 23:10:00,,,121361.0,,,,
2025-05-04 23:20:00,,,120695.0,,,,
2025-05-04 23:30:00,,,120192.0,,,,
2025-05-04 23:40:00,,,119691.0,,,,
2025-05-04 23:50:00,,,119463.0,,,,
2025-05-05 00:00:00,,,119053.0,101600.0,122365.0,944.0,-156.0
2025-05-05 00:10:00,,,118444.0,,,,
2025-05-05 00:20:00,,,118086.0,,,,
2025-05-05 00:30:00,,,117869.0,,,,
2025-05-05 00:40:00,,,117726.0,,,,
2025-05-05 00:50:00,,,117159.0,,,,
2025-05-05 01:00:00,,,116622.0,101472.0,,,
2025-05-05 01:10:00,,,115632.0,,,,
2025-05-05 01:20:00,,,115038.0,,,,
2025-05-05 01:30:00,,,114036.0,,,,
2025-05-05 01:40:00,,,113046.0,,,,
2025-05-05 01:50:00,,,112017.0,,,,
2025-05-05 02:00:00,,,110282.0,101168.0,,,
2025-05-05 02:10:00,,,108608.0,,,,
2025-05-05 02:20:00,,,107086.0,,,,
2025-05-05 02:30:00,,,105383.0,,,,
2025-05-05 02:40:00,,,103592.0,,,,
2025-05-05 02:50:00,,,101713.0,,,,
2025-05-05 03:00:00,,,99382.0,100658.0,,,
2025-05-05 03:10:00,,,96539.0,,,,
2025-05-05 03:20:00,,,94129.0,,,,
2025-05-05 03:30:00,,,91827.0,,,,
2025-05-05 03:40:00,,,89281.0,,,,
2025-05-05 03:50:00,,,86982.0,,,,
2025-05-05 04:00:00,,,84478.0,99958.0,,,
2025-05-05 04:10:00,,,81574.0,,,,
2025-05-05 04:20:00,,,79196.0,,,,
2025-05-05 04:30:00,,,76901.0,,,,
2025-05-05 04:40:00,,,74595.0,,,,
2025-05-05 04:50:00,,,72277.0,,,,
2025-05-05 05:00:00,,,69912.0,99204.0,,,
2025-05-05 05:10:00,,,67552.0,,,,
2025-05-05 05:20:00,,,65280.0,,,,
2025-05-05 05:30:00,,,63440.0,,,,
2025-05-05 05:40:00,,,61554.0,,,,
2025-05-05 05:50:00,,,59764.0,,,,
2025-05-05 06:00:00,,,57852.0,98450.0,,,
2025-05-05 06:10:00,,,56120.0,,,,
2025-05-05 06:20:00,,,54740.0,,,,
2025-05-05 06:30:00,,,53286.0,,,,
2025-05-05 06:40:00,,,52038.0,,,,
2025-05-05 06:50:00,,,50848.0,,,,
2025-05-05 07:00:00,,,49891.0,97730.0,,,
2025-05-05 07:10:00,,,48778.0,,,,
2025-05-05 07:20:00,,,48202.0,,,,
2025-05-05 07:30:00,,,47613.0,,,,
2025-05-05 07:40:00,,,47067.0,,,,
2025-05-05 07:50:00,,,46634.0,,,,
2025-05-05 08:00:00,,,46165.0,97016.0,,,
2025-05-05 08:10:00,,,45796.0,,,,
2025-05-05 08:20:00,,,45539.0,,,,
2025-05-05 08:30:00,,,45407.0,,,,
2025-05-05 08:40:00,,,45368.0,,,,
2025-05-05 08:50:00,,,45335.0,,,,
2025-05-05 09:00:00,,,45175.0,96231.0,,,
2025-05-05 09:10:00,,,45192.0,,,,
2025-05-05 09:20:00,,,45283.0,,,,
2025-05-05 09:30:00,,,45418.0,,,,
2025-05-05 09:40:00,,,45459.0,,,,
2025-05-05 09:50:00,,,45542.0,,,,
2025-05-05 10:00:00,,,45631.0,95404.0,,,
2025-05-05 10:10:00,,,45716.0,,,,
2025-05-05 10:20:00,,,46024.0,,,,
2025-05-05 10:30:00,,,46329.0,,,,
2025-05-05 10:40:00,,,46617.0,,,,
2025-05-05 10:50:00,,,46880.0,,,,
2025-05-05 11:00:00,,,47125.0,94428.0,,,
2025-05-05 11:10:00,,,47309.0,,,,
2025-05-05 11:20:00,,,47600.0,,,,
2025-05-05 11:30:00,,,48183.0,,,,
2025-05-05 11:40:00,,,48848.0,,,,
2025-05-05 11:50:00,,,49471.0,,,,
2025-05-05 12:00:00,,,49847.0,93282.0,,,
2025-05-05 12:10:00,,,50541.0,,,,
2025-05-05 12:20:00,,,51390.0,,,,
2025-05-05 12:30:00,,,52262.0,,,,
2025-05-05 12:40:00,,,53241.0,,,,
2025-05-05 12:50:00,,,54169.0,,,,
2025-05-05 13:00:00,,,54731.0,91908.0,,,
2025-05-05 13:10:00,,,55711.0,,,,
2025-05-05 13:20:00,,,56857.0,,,,
2025-05-05 13:30:00,,,58105.0,,,,
2025-05-05 13:40:00,,,59089.0,,,,
2025-05-05 13:50:00,,,60136.0,,,,
2025-05-05 14:00:00,,,60976.0,90335.0,,,
2025-05-05 14:10:00,,,62057.0,,,,
2025-05-05 14:20:00,,,63280.0,,,,
2025-05-05 14:30:00,,,64339.0,,,,
2025-05-05 14:40:00,,,65701.0,,,,
2025-05-05 14:50:00,,,66818.0,,,,
2025-05-05 15:00:00,,,67723.0,88652.0,,,
2025-05-05 15:10:00,,,68792.0,,,,
2025-05-05 15:20:00,,,69929.0,,,,
2025-05-05 15:30:00,,,70955.0,,,,
2025-05-05 15:40:00,,,72182.0,,,,
2025-05-05 15:50:00,,,73167.0,,,,
2025-05-05 16:00:00,,,73975.0,86902.0,,,
2025-05-05 16:10:00,,,74970.0,,,,
2025-05-05 16:20:00,,,76068.0,,,,
2025-05-05 16:30:00,,,77052.0,,,,
2025-05-05 16:40:00,,,78188.0,,,,
2025-05-05 16:50:00,,,78993.0,,,,
2025-05-05 17:00:00,,,79567.0,85144.0,,,
2025-05-05 17:10:00,,,80554.0,,,,
2025-05-05 17:20:00,,,81535.0,,,,
2025-05-05 17:30:00,,,82402.0,,,,
2025-05-05 17:40:00,,,83660.0,,,,
2025-05-05 17:50:00,,,84759.0,,,,
2025-05-05 18:00:00,,,85357.0,83338.0,,,
2025-05-05 18:10:00,,,86274.0,,,,
2025-05-05 18:20:00,,,87192.0,,,,
2025-05-05 18:30:00,,,88058.0,,,,
2025-05-05 18:40:00,,,89070.0,,,,
2025-05-05 18:50:00,,,89855.0,,,,
2025-05-05 19:00:00,,,90400.0,81552.0,,,
2025-05-05 19:10:00,,,91173.0,,,,
2025-05-05 19:20:00,,,91942.0,,,,
2025-05-05 19:30:00,,,92186.0,,,,
2025-05-05 19:40:00,,,92408.0,,,,
2025-05-05 19:50:00,,,92420.0,,,,
2025-05-05 20:00:00,,,92089.0,79784.0,,,
2025-05-05 20:10:00,,,91542.0,,,,
2025-05-05 20:20:00,,,91068.0,,,,
2025-05-05 20:30:00,,,91086.0,,,,
2025-05-05 20:40:00,,,90668.0,,,,
2025-05-05 20:50:00,,,90284.0,,,,
2025-05-05 21:00:00,,,89553.0,78078.0,,,
2025-05-05 21:10:00,,,88665.0,,,,
2025-05-05 21:20:00,,,88078.0,,,,
2025-05-05 21:30:00,,,87398.0,,,,
2025-05-05 21:40:00,,,86948.0,,,,
2025-05-05 21:50:00,,,86605.0,,,,
2025-05-05 22:00:00,,,86077.0,76537.0,,,
2025-05-05 22:10:00,,,85438.0,,,,
2025-05-05 22:20:00,,,85101.0,,,,
2025-05-05 22:30:00,,,85058.0,,,,
2025-05-05 22:40:00,,,85399.0,,,,
2025-05-05 22:50:00,,,85670.0,,,,
2025-05-05 23:00:00,,,85851.0,75327.0,,,
2025-05-05 23:10:00,,,86389.0,,,,
2025-05-05 23:20:00,,,86933.0,,,,
2025-05-05 23:30:00,,,87431.0,,,,
2025-05-05 23:40:00,,,88528.0,,,,
2025-05-05 23:50:00,,,89300.0,,,,
2025-05-06 00:00:00,,,89842.0,74363.0,123657.0,666.0,-119.0
2025-05-06 00:10:00,,,90302.0,,,,
2025-05-06 00:20:00,,,91125.0,,,,
2025-05-06 00:30:00,,,91903.0,,,,
2025-05-06 00:40:00,,,92584.0,,,,
2025-05-06 00:50:00,,,93162.0,,,,
2025-05-06 01:00:00,,,93365.0,73511.0,,,
2025-05-06 01:10:00,,,93700.0,,,,
2025-05-06 01:20:00,,,93887.0,,,,
2025-05-06 01:30:00,,,93823.0,,,,
2025-05-06 01:40:00,,,93710.0,,,,
2025-05-06 01:50:00,,,93518.0,,,,
2025-05-06 02:00:00,,,92831.0,72843.0,,,
2025-05-06 02:10:00,,,91644.0,,,,
2025-05-06 02:20:00,,,90663.0,,,,
2025-05-06 02:30:00,,,89416.0,,,,
2025-05-06 02:40:00,,,88008.0,,,,
2025-05-06 02:50:00,,,86744.0,,,,
2025-05-06 03:00:00,,,85084.0,72286.0,,,
2025-05-06 03:10:00,,,82965.0,,,,
2025-05-06 03:20:00,,,80982.0,,,,
2025-05-06 03:30:00,,,78979.0,,,,
2025-05-06 03:40:00,,,76862.0,,,,
2025-05-06 03:50:00,,,74818.0,,,,
2025-05-06 04:00:00,,,72517.0,71815.0,,,
2025-05-06 04:10:00,,,70119.0,,,,
2025-05-06 04:20:00,,,67784.0,,,,
2025-05-06 04:30:00,,,65736.0,,,,
2025-05-06 04:40:00,,,63738.0,,,,
2025-05-06 04:50:00,,,61693.0,,,,
2025-05-06 05:00:00,,,59758.0,71421.0,,,
2025-05-06 05:10:00,,,57669.0,,,,
2025-05-06 05:20:00,,,55778.0,,,,
2025-05-06 05:30:00,,,54279.0,,,,
2025-05-06 05:40:00,,,52668.0,,,,
2025-05-06 05:50:00,,,51084.0,,,,
2025-05-06 06:00:00,,,49523.0,71098.0,,,
2025-05-06 06:10:00,,,47946.0,,,,
2025-05-06 06:20:00,,,46650.0,,,,
2025-05-06 06:30:00,,,45401.0,,,,
2025-05-06 06:40:00,,,44351.0,,,,
2025-05-06 06:50:00,,,43505.0,,,,
2025-05-06 07:00:00,,,42682.0,70818.0,,,
2025-05-06 07:10:00,,,41723.0,,,,
2025-05-06 07:20:00,,,41025.0,,,,
2025-05-06 07:30:00,,,40436.0,,,,
2025-05-06 07:40:00,,,39978.0,,,,
2025-05-06 07:50:00,,,39396.0,,,,
2025-05-06 08:00:00,,,38987.0,70542.0,,,
2025-05-06 08:10:00,,,38592.0,,,,
2025-05-06 08:20:00,,,38286.0,,,,
2025-05-06 08:30:00,,,37934.0,,,,
2025-05-06 08:40:00,,,37704.0,,,,
2025-05-06 08:50:00,,,37526.0,,,,
2025-05-06 09:00:00,,,37305.0,70230.0,,,
2025-05-06 09:10:00,,,37216.0,,,,
2025-05-06 09:20:00,,,37160.0,,,,
2025-05-06 09:30:00,,,37155.0,,,,
2025-05-06 09:40:00,,,37258.0,,,,
2025-05-06 09:50:00,,,36933.0,,,,
2025-05-06 10:00:00,,,37053.0,69888.0,,,
2025-05-06 10:10:00,,,36929.0,,,,
2025-05-06 10:20:00,,,37044.0,,,,
2025-05-06 10:30:00,,,37128.0,,,,
2025-05-06 10:40:00,,,37484.0,,,,
2025-05-06 10:50:00,,,37722.0,,,,
2025-05-06 11:00:00,,,37861.0,69545.0,,,
2025-05-06 11:10:00,,,38272.0,,,,
2025-05-06 11:20:00,,,38670.0,,,,
2025-05-06 11:30:00,,,39164.0,,,,
2025-05-06 11:40:00,,,39693.0,,,,
2025-05-06 11:50:00,,,40240.0,,,,
2025-05-06 12:00:00,,,40519.0,69157.0,,,
2025-05-06 12:10:00,,,41073.0,,,,
2025-05-06 12:20:00,,,41770.0,,,,
2025-05-06 12:30:00,,,42367.0,,,,
2025-05-06 12:40:00,,,43109.0,,,,
2025-05-06 12:50:00,,,43734.0,,,,
2025-05-06 13:00:00,,,44264.0,68728.0,,,
2025-05-06 13:10:00,,,45195.0,,,,
2025-05-06 13:20:00,,,46028.0,,,,
2025-05-06 13:30:00,,,46832.0,,,,
2025-05-06 13:40:00,,,47760.0,,,,
2025-05-06 13:50:00,,,48546.0,,,,
2025-05-06 14:00:00,,,49146.0,68253.0,,,
2025-05-06 14:10:00,,,50125.0,,,,
2025-05-06 14:20:00,,,51112.0,,,,
2025-05-06 14:30:00,,,52074.0,,,,
2025-05-06 14:40:00,,,52969.0,,,,
2025-05-06 14:50:00,,,53963.0,,,,
2025-05-06 15:00:00,,,54707.0,67751.0,,,
2025-05-06 15:10:00,,,55716.0,,,,
2025-05-06 15:20:00,,,56545.0,,,,
2025-05-06 15:30:00,,,57429.0,,,,
2025-05-06 15:40:00,,,58568.0,,,,
2025-05-06 15:50:00,,,59691.0,,,,
2025-05-06 16:00:00,,,60326.0,67248.0,,,
2025-05-06 16:10:00,,,61398.0,,,,
2025-05-06 16:20:00,,,62329.0,,,,
2025-05-06 16:30:00,,,63289.0,,,,
2025-05-06 16:40:00,,,64312.0,,,,
2025-05-06 16:50:00,,,65588.0,,,,
2025-05-06 17:00:00,,,66077.0,66738.0,,,
2025-05-06 17:10:00,,,67237.0,,,,
2025-05-06 17:20:00,,,68362.0,,,,
2025-05-06 17:30:00,,,69342.0,,,,
2025-05-06 17:40:00,,,70391.0,,,,
2025-05-06 17:50:00,,,71329.0,,,,
2025-05-06 18:00:00,,,72168.0,66237.0,,,
2025-05-06 18:10:00,,,73075.0,,,,
2025-05-06 18:20:00,,,74210.0,,,,
2025-05-06 18:30:00,,,75206.0,,,,
2025-05-06 18:40:00,,,76215.0,,,,
2025-05-06 18:50:00,,,76746.0,,,,
2025-05-06 19:00:00,,,77208.0,65745.0,,,
2025-05-06 19:10:00,,,78003.0,,,,
2025-05-06 19:20:00,,,78702.0,,,,
2025-05-06 19:30:00,,,79171.0,,,,
2025-05-06 19:40:00,,,79378.0,,,,
2025-05-06 19:50:00,,,79630.0,,,,
2025-05-06 20:00:00,,,79581.0,65262.0,,,
2025-05-06 20:10:00,,,79329.0,,,,
2025-05-06 20:20:00,,,79248.0,,,,
2025-05-06 20:30:00,,,78771.0,,,,
2025-05-06 20:40:00,,,78383.0,,,,
2025-05-06 20:50:00,,,78080.0,,,,
2025-05-06 21:00:00,,,77415.0,64793.0,,,
2025-05-06 21:10:00,,,76434.0,,,,
2025-05-06 21:20:00,,,75818.0,,,,
2025-05-06 21:30:00,,,75557.0,,,,
2025-05-06 21:40:00,,,75259.0,,,,
2025-05-06 21:50:00,,,75408.0,,,,
2025-05-06 22:00:00,,,75039.0,64374.0,,,
2025-05-06 22:10:00,,,70742.0,,,,
2025-05-06 22:20:00,,,74109.0,,,,
2025-05-06 22:30:00,,,74282.0,,,,
2025-05-06 22:40:00,,,74760.0,,,,
2025-05-06 22:50:00,,,75182.0,,,,
2025-05-06 23:00:00,,,75527.0,63961.0,,,
2025-05-06 23:10:00,,,75821.0,,,,
2025-05-06 23:20:00,,,76273.0,,,,
2025-05-06 23:30:00,,,76900.0,,,,
2025-05-06 23:40:00,,,77638.0,,,,
2025-05-06 23:50:00,,,78592.0,,,,
2025-05-07 00:00:00,,,79243.0,63559.0,124704.0,652.0,-144.0
2025-05-07 00:10:00,,,80014.0,,,,
2025-05-07 00:20:00,,,80826.0,,,,
2025-05-07 00:30:00,,,81546.0,,,,
2025-05-07 00:40:00,,,82334.0,,,,
2025-05-07 00:50:00,,,82916.0,,,,
2025-05-07 01:00:00,,,83397.0,63148.0,,,
2025-05-07 01:10:00,,,83372.0,,,,
2025-05-07 01:20:00,,,83514.0,,,,
2025-05-07 01:30:00,,,83490.0,,,,
2025-05-07 01:40:00,,,83372.0,,,,
2025-05-07 01:50:00,,,83196.0,,,,
2025-05-07 02:00:00,,,82339.0,62735.0,,,
2025-05-07 02:10:00,,,81267.0,,,,
2025-05-07 02:20:00,,,80463.0,,,,
2025-05-07 02:30:00,,,79493.0,,,,
2025-05-07 02:40:00,,,78147.0,,,,
2025-05-07 02:50:00,,,76906.0,,,,
2025-05-07 03:00:00,,,75345.0,62354.0,,,
2025-05-07 03:10:00,,,73606.0,,,,
2025-05-07 03:20:00,,,71843.0,,,,
2025-05-07 03:30:00,,,70139.0,,,,
2025-05-07 03:40:00,,,68397.0,,,,
2025-05-07 03:50:00,,,66675.0,,,,
2025-05-07 04:00:00,,,64722.0,62051.0,,,
2025-05-07 04:10:00,,,62563.0,,,,
2025-05-07 04:20:00,,,60322.0,,,,
2025-05-07 04:30:00,,,58576.0,,,,
2025-05-07 04:40:00,,,56618.0,,,,
2025-05-07 04:50:00,,,54971.0,,,,
2025-05-07 05:00:00,,,53166.0,61796.0,,,
2025-05-07 05:10:00,,,51249.0,,,,
2025-05-07 05:20:00,,,49342.0,,,,
2025-05-07 05:30:00,,,47810.0,,,,
2025-05-07 05:40:00,,,46233.0,,,,
2025-05-07 05:50:00,,,44835.0,,,,
2025-05-07 06:00:00,,,43474.0,61564.0,,,
2025-05-07 06:10:00,,,42030.0,,,,
2025-05-07 06:20:00,,,40860.0,,,,
2025-05-07 06:30:00,,,39782.0,,,,
2025-05-07 06:40:00,,,38900.0,,,,
2025-05-07 06:50:00,,,37921.0,,,,
2025-05-07 07:00:00,,,37013.0,61352.0,,,
2025-05-07 07:10:00,,,36290.0,,,,
2025-05-07 07:20:00,,,35591.0,,,,
2025-05-07 07:30:00,,,34968.0,,,,
2025-05-07 07:40:00,,,34574.0,,,,
2025-05-07 07:50:00,,,34039.0,,,,
2025-05-07 08:00:00,,,33717.0,61158.0,,,
2025-05-07 08:10:00,,,33224.0,,,,
2025-05-07 08:20:00,,,32937.0,,,,
2025-05-07 08:30:00,,,32806.0,,,,
2025-05-07 08:40:00,,,32761.0,,,,
2025-05-07 08:50:00,,,32663.0,,,,
2025-05-07 09:00:00,,,32535.0,60988.0,,,
2025-05-07 09:10:00,,,32376.0,,,,
2025-05-07 09:20:00,,,32326.0,,,,
2025-05-07 09:30:00,,,32348.0,,,,
2025-05-07 09:40:00,,,32583.0,,,,
2025-05-07 09:50:00,,,32523.0,,,,
2025-05-07 10:00:00,,,32523.0,60837.0,,,
2025-05-07 10:10:00,,,32503.0,,,,
2025-05-07 10:20:00,,,32656.0,,,,
2025-05-07 10:30:00,,,32785.0,,,,
2025-05-07 10:40:00,,,33157.0,,,,
2025-05-07 10:50:00,,,33376.0,,,,
2025-05-07 11:00:00,,,33575.0,60676.0,,,
2025-05-07 11:10:00,,,33854.0,,,,
2025-05-07 11:20:00,,,34359.0,,,,
2025-05-07 11:30:00,,,34669.0,,,,
2025-05-07 11:40:00,,,35223.0,,,,
2025-05-07 11:50:00,,,35633.0,,,,
2025-05-07 12:00:00,,,35988.0,60526.0,,,
2025-05-07 12:10:00,,,36689.0,,,,
2025-05-07 12:20:00,,,37419.0,,,,
2025-05-07 12:30:00,,,37903.0,,,,
2025-05-07 12:40:00,,,38778.0,,,,
2025-05-07 12:50:00,,,39455.0,,,,
2025-05-07 13:00:00,,,39679.0,60372.0,,,
2025-05-07 13:10:00,,,40574.0,,,,
2025-05-07 13:20:00,,,41671.0,,,,
2025-05-07 13:30:00,,,42367.0,,,,
2025-05-07 13:40:00,,,43248.0,,,,
2025-05-07 13:50:00,,,44166.0,,,,
2025-05-07 14:00:00,,,44946.0,60195.0,,,
2025-05-07 14:10:00,,,45633.0,,,,
2025-05-07 14:20:00,,,46386.0,,,,
2025-05-07 14:30:00,,,47180.0,,,,
2025-05-07 14:40:00,,,48228.0,,,,
2025-05-07 14:50:00,,,49052.0,,,,
2025-05-07 15:00:00,,,49727.0,59998.0,,,
2025-05-07 15:10:00,,,50577.0,,,,
2025-05-07 15:20:00,,,51585.0,,,,
2025-05-07 15:30:00,,,52394.0,,,,
2025-05-07 15:40:00,,,53446.0,,,,
2025-05-07 15:50:00,,,54268.0,,,,
2025-05-07 16:00:00,,,54862.0,59763.0,,,
2025-05-07 16:10:00,,,55634.0,,,,
2025-05-07 16:20:00,,,56753.0,,,,
2025-05-07 16:30:00,,,57618.0,,,,
2025-05-07 16:40:00,,,58504.0,,,,
2025-05-07 16:50:00,,,59348.0,,,,
2025-05-07 17:00:00,,,59980.0,59499.0,,,
2025-05-07 17:10:00,,,60995.0,,,,
2025-05-07 17:20:00,,,61988.0,,,,
2025-05-07 17:30:00,,,61112.0,,,,
2025-05-07 17:40:00,,,63876.0,,,,
2025-05-07 17:50:00,,,64549.0,,,,
2025-05-07 18:00:00,,,65187.0,59224.0,,,
2025-05-07 18:10:00,,,65709.0,,,,
2025-05-07 18:20:00,,,65523.0,,,,
2025-05-07 18:30:00,,,67845.0,,,,
2025-05-07 18:40:00,,,68871.0,,,,
2025-05-07 18:50:00,,,69755.0,,,,
2025-05-07 19:00:00,,,70151.0,58941.0,,,
2025-05-07 19:10:00,,,70563.0,,,,
2025-05-07 19:20:00,,,71348.0,,,,
2025-05-07 19:30:00,,,71700.0,,,,
2025-05-07 19:40:00,,,72108.0,,,,
2025-05-07 19:50:00,,,72510.0,,,,
2025-05-07 20:00:00,,,72663.0,58666.0,,,
2025-05-07 20:10:00,,,72390.0,,,,
2025-05-07 20:20:00,,,72257.0,,,,
2025-05-07 20:30:00,,,72105.0,,,,
2025-05-07 20:40:00,,,72095.0,,,,
2025-05-07 20:50:00,,,71950.0,,,,
2025-05-07 21:00:00,,,71442.0,58426.0,,,
2025-05-07 21:10:00,,,70855.0,,,,
2025-05-07 21:20:00,,,70404.0,,,,
2025-05-07 21:30:00,,,69973.0,,,,
2025-05-07 21:40:00,,,69605.0,,,,
2025-05-07 21:50:00,,,69338.0,,,,
2025-05-07 22:00:00,,,69115.0,58183.0,,,
2025-05-07 22:10:00,,,68532.0,,,,
2025-05-07 22:20:00,,,68355.0,,,,
2025-05-07 22:30:00,,,68341.0,,,,
2025-05-07 22:40:00,,,68406.0,,,,
2025-05-07 22:50:00,,,68723.0,,,,
2025-05-07 23:00:00,,,68897.0,57902.0,,,
2025-05-07 23:10:00,,,69003.0,,,,
2025-05-07 23:20:00,,,69519.0,,,,
2025-05-07 23:30:00,,,70039.0,,,,
2025-05-07 23:40:00,,,70739.0,,,,
2025-05-07 23:50:00,,,71562.0,,,,
2025-05-08 00:00:00,,,72005.0,57596.0,125662.0,496.0,-89.0
2025-05-08 00:10:00,,,72346.0,,,,
2025-05-08 00:20:00,,,73255.0,,,,
2025-05-08 00:30:00,,,73937.0,,,,
2025-05-08 00:40:00,,,74501.0,,,,
2025-05-08 00:50:00,,,75252.0,,,,
2025-05-08 01:00:00,,,75585.0,57302.0,,,
2025-05-08 01:10:00,,,75821.0,,,,
2025-05-08 01:20:00,,,76057.0,,,,
2025-05-08 01:30:00,,,76109.0,,,,
2025-05-08 01:40:00,,,76207.0,,,,
2025-05-08 01:50:00,,,76190.0,,,,
2025-05-08 02:00:00,,,75946.0,57041.0,,,
2025-05-08 02:10:00,,,75073.0,,,,
2025-05-08 02:20:00,,,74445.0,,,,
2025-05-08 02:30:00,,,73844.0,,,,
2025-05-08 02:40:00,,,72902.0,,,,
2025-05-08 02:50:00,,,71905.0,,,,
2025-05-08 03:00:00,,,70552.0,56841.0,,,
2025-05-08 03:10:00,,,69225.0,,,,
2025-05-08 03:20:00,,,67340.0,,,,
2025-05-08 03:30:00,,,65618.0,,,,
2025-05-08 03:40:00,,,64014.0,,,,
2025-05-08 03:50:00,,,62339.0,,,,
2025-05-08 04:00:00,,,60571.0,56667.0,,,
2025-05-08 04:10:00,,,58633.0,,,,
2025-05-08 04:20:00,,,56698.0,,,,
2025-05-08 04:30:00,,,54951.0,,,,
2025-05-08 04:40:00,,,53101.0,,,,
2025-05-08 04:50:00,,,51461.0,,,,
2025-05-08 05:00:00,,,49788.0,56528.0,,,
2025-05-08 05:10:00,,,48086.0,,,,
2025-05-08 05:20:00,,,46595.0,,,,
2025-05-08 05:30:00,,,45211.0,,,,
2025-05-08 05:40:00,,,43772.0,,,,
2025-05-08 05:50:00,,,42508.0,,,,
2025-05-08 06:00:00,,,41279.0,56440.0,,,
2025-05-08 06:10:00,,,40060.0,,,,
2025-05-08 06:20:00,,,38974.0,,,,
2025-05-08 06:30:00,,,37982.0,,,,
2025-05-08 06:40:00,,,37323.0,,,,
2025-05-08 06:50:00,,,36544.0,,,,
2025-05-08 07:00:00,,,35848.0,56392.0,,,
2025-05-08 07:10:00,,,35260.0,,,,
2025-05-08 07:20:00,,,34639.0,,,,
2025-05-08 07:30:00,,,34181.0,,,,
2025-05-08 07:40:00,,,33704.0,,,,
2025-05-08 07:50:00,,,33497.0,,,,
2025-05-08 08:00:00,,,33256.0,56373.0,,,
2025-05-08 08:10:00,,,32922.0,,,,
2025-05-08 08:20:00,,,32912.0,,,,
2025-05-08 08:30:00,,,32823.0,,,,
2025-05-08 08:40:00,,,32946.0,,,,
2025-05-08 08:50:00,,,32953.0,,,,
2025-05-08 09:00:00,,,33014.0,56405.0,,,
2025-05-08 09:10:00,,,33051.0,,,,
2025-05-08 09:20:00,,,33087.0,,,,
2025-05-08 09:30:00,,,33250.0,,,,
2025-05-08 09:40:00,,,33430.0,,,,
2025-05-08 09:50:00,,,33415.0,,,,
2025-05-08 10:00:00,,,33340.0,56430.0,,,
2025-05-08 10:10:00,,,33283.0,,,,
2025-05-08 10:20:00,,,33409.0,,,,
2025-05-08 10:30:00,,,33635.0,,,,
2025-05-08 10:40:00,,,33759.0,,,,
2025-05-08 10:50:00,,,34105.0,,,,
2025-05-08 11:00:00,,,34332.0,56461.0,,,
2025-05-08 11:10:00,,,34504.0,,,,
2025-05-08 11:20:00,,,35069.0,,,,
2025-05-08 11:30:00,,,35551.0,,,,
2025-05-08 11:40:00,,,36086.0,,,,
2025-05-08 11:50:00,,,36508.0,,,,
2025-05-08 12:00:00,,,36980.0,56491.0,,,
2025-05-08 12:10:00,,,37442.0,,,,
2025-05-08 12:20:00,,,38150.0,,,,
2025-05-08 12:30:00,,,38796.0,,,,
2025-05-08 12:40:00,,,39591.0,,,,
2025-05-08 12:50:00,,,40243.0,,,,
2025-05-08 13:00:00,,,40649.0,56506.0,,,
2025-05-08 13:10:00,,,41350.0,,,,
2025-05-08 13:20:00,,,42143.0,,,,
2025-05-08 13:30:00,,,42981.0,,,,
2025-05-08 13:40:00,,,43884.0,,,,
2025-05-08 13:50:00,,,44498.0,,,,
2025-05-08 14:00:00,,,45165.0,56510.0,,,
2025-05-08 14:10:00,,,45878.0,,,,
2025-05-08 14:20:00,,,46671.0,,,,
2025-05-08 14:30:00,,,47532.0,,,,
2025-05-08 14:40:00,,,48305.0,,,,
2025-05-08 14:50:00,,,49080.0,,,,
2025-05-08 15:00:00,,,49539.0,56462.0,,,
2025-05-08 15:10:00,,,49981.0,,,,
2025-05-08 15:20:00,,,50790.0,,,,
2025-05-08 15:30:00,,,51373.0,,,,
2025-05-08 15:40:00,,,52209.0,,,,
2025-05-08 15:50:00,,,52916.0,,,,
2025-05-08 16:00:00,,,53381.0,56336.0,,,
2025-05-08 16:10:00,,,53794.0,,,,
2025-05-08 16:20:00,,,54548.0,,,,
2025-05-08 16:30:00,,,55010.0,,,,
2025-05-08 16:40:00,,,55435.0,,,,
2025-05-08 16:50:00,,,56006.0,,,,
2025-05-08 17:00:00,,,56563.0,56174.0,,,
2025-05-08 17:10:00,,,57254.0,,,,
2025-05-08 17:20:00,,,57788.0,,,,
2025-05-08 17:30:00,,,58356.0,,,,
2025-05-08 17:40:00,,,59227.0,,,,
2025-05-08 17:50:00,,,60313.0,,,,
2025-05-08 18:00:00,,,60857.0,55989.0,,,
2025-05-08 18:10:00,,,61668.0,,,,
2025-05-08 18:20:00,,,62819.0,,,,
2025-05-08 18:30:00,,,63508.0,,,,
2025-05-08 18:40:00,,,64326.0,,,,
2025-05-08 18:50:00,,,65008.0,,,,
2025-05-08 19:00:00,,,65620.0,55807.0,,,
2025-05-08 19:10:00,,,66255.0,,,,
2025-05-08 19:20:00,,,66835.0,,,,
2025-05-08 19:30:00,,,67298.0,,,,
2025-05-08 19:40:00,,,67678.0,,,,
2025-05-08 19:50:00,,,67906.0,,,,
2025-05-08 20:00:00,,,68014.0,55627.0,,,
2025-05-08 20:10:00,,,67780.0,,,,
2025-05-08 20:20:00,,,67568.0,,,,
2025-05-08 20:30:00,,,67395.0,,,,
2025-05-08 20:40:00,,,67035.0,,,,
2025-05-08 20:50:00,,,66894.0,,,,
2025-05-08 21:00:00,,,66796.0,55451.0,,,
2025-05-08 21:10:00,,,66186.0,,,,
2025-05-08 21:20:00,,,65793.0,,,,
2025-05-08 21:30:00,,,65411.0,,,,
2025-05-08 21:40:00,,,65110.0,,,,
2025-05-08 21:50:00,,,64761.0,,,,
2025-05-08 22:00:00,,,64341.0,55271.0,,,
2025-05-08 22:10:00,,,63682.0,,,,
2025-05-08 22:20:00,,,63593.0,,,,
2025-05-08 22:30:00,,,63565.0,,,,
2025-05-08 22:40:00,,,63634.0,,,,
2025-05-08 22:50:00,,,63943.0,,,,
2025-05-08 23:00:00,,,64054.0,55078.0,,,
2025-05-08 23:10:00,,,64392.0,,,,
2025-05-08 23:20:00,,,65041.0,,,,
2025-05-08 23:30:00,,,65379.0,,,,
2025-05-08 23:40:00,,,65752.0,,,,
2025-05-08 23:50:00,,,66425.0,,,,
2025-05-09 00:00:00,,,66955.0,54856.0,126519.0,668.0,-179.0
2025-05-09 00:10:00,,,67318.0,,,,
2025-05-09 00:20:00,,,67988.0,,,,
2025-05-09 00:30:00,,,68507.0,,,,
2025-05-09 00:40:00,,,69039.0,,,,
2025-05-09 00:50:00,,,69637.0,,,,
2025-05-09 01:00:00,,,69911.0,54627.0,,,
2025-05-09 01:10:00,,,70217.0,,,,
2025-05-09 01:20:00,,,70449.0,,,,
2025-05-09 01:30:00,,,70485.0,,,,
2025-05-09 01:40:00,,,70406.0,,,,
2025-05-09 01:50:00,,,70299.0,,,,
2025-05-09 02:00:00,,,70113.0,54395.0,,,
2025-05-09 02:10:00,,,69548.0,,,,
2025-05-09 02:20:00,,,68702.0,,,,
2025-05-09 02:30:00,,,68190.0,,,,
2025-05-09 02:40:00,,,67201.0,,,,
2025-05-09 02:50:00,,,66322.0,,,,
2025-05-09 03:00:00,,,65055.0,54177.0,,,
2025-05-09 03:10:00,,,63579.0,,,,
2025-05-09 03:20:00,,,62291.0,,,,
2025-05-09 03:30:00,,,60977.0,,,,
2025-05-09 03:40:00,,,59635.0,,,,
2025-05-09 03:50:00,,,58114.0,,,,
2025-05-09 04:00:00,,,56641.0,54028.0,,,
2025-05-09 04:10:00,,,54932.0,,,,
2025-05-09 04:20:00,,,53286.0,,,,
2025-05-09 04:30:00,,,51739.0,,,,
2025-05-09 04:40:00,,,50365.0,,,,
2025-05-09 04:50:00,,,49022.0,,,,
2025-05-09 05:00:00,,,47392.0,53947.0,,,
2025-05-09 05:10:00,,,45585.0,,,,
2025-05-09 05:20:00,,,44119.0,,,,
2025-05-09 05:30:00,,,42872.0,,,,
2025-05-09 05:40:00,,,41783.0,,,,
2025-05-09 05:50:00,,,40614.0,,,,
2025-05-09 06:00:00,,,39422.0,53890.0,,,
2025-05-09 06:10:00,,,38240.0,,,,
2025-05-09 06:20:00,,,37177.0,,,,
2025-05-09 06:30:00,,,36405.0,,,,
2025-05-09 06:40:00,,,35592.0,,,,
2025-05-09 06:50:00,,,34873.0,,,,
2025-05-09 07:00:00,,,34335.0,53847.0,,,
2025-05-09 07:10:00,,,33733.0,,,,
2025-05-09 07:20:00,,,33086.0,,,,
2025-05-09 07:30:00,,,32657.0,,,,
2025-05-09 07:40:00,,,32286.0,,,,
2025-05-09 07:50:00,,,32098.0,,,,
2025-05-09 08:00:00,,,31684.0,53801.0,,,
2025-05-09 08:10:00,,,31345.0,,,,
2025-05-09 08:20:00,,,31186.0,,,,
2025-05-09 08:30:00,,,31075.0,,,,
2025-05-09 08:40:00,,,30856.0,,,,
2025-05-09 08:50:00,,,30826.0,,,,
2025-05-09 09:00:00,,,30759.0,53730.0,,,
2025-05-09 09:10:00,,,30765.0,,,,
2025-05-09 09:20:00,,,31005.0,,,,
2025-05-09 09:30:00,,,31035.0,,,,
2025-05-09 09:40:00,,,31152.0,,,,
2025-05-09 09:50:00,,,31243.0,,,,
2025-05-09 10:00:00,,,31329.0,53668.0,,,
2025-05-09 10:10:00,,,31326.0,,,,
2025-05-09 10:20:00,,,31533.0,,,,
2025-05-09 10:30:00,,,31627.0,,,,
2025-05-09 10:40:00,,,31825.0,,,,
2025-05-09 10:50:00,,,32167.0,,,,
2025-05-09 11:00:00,,,32321.0,53616.0,,,
2025-05-09 11:10:00,,,32797.0,,,,
2025-05-09 11:20:00,,,33261.0,,,,
2025-05-09 11:30:00,,,33795.0,,,,
2025-05-09 11:40:00,,,34293.0,,,,
2025-05-09 11:50:00,,,34810.0,,,,
2025-05-09 12:00:00,,,35372.0,53600.0,,,
2025-05-09 12:10:00,,,36060.0,,,,
2025-05-09 12:20:00,,,36878.0,,,,
2025-05-09 12:30:00,,,37753.0,,,,
2025-05-09 12:40:00,,,38606.0,,,,
2025-05-09 12:50:00,,,39443.0,,,,
2025-05-09 13:00:00,,,40066.0,53606.0,,,
2025-05-09 13:10:00,,,41002.0,,,,
2025-05-09 13:20:00,,,41687.0,,,,
2025-05-09 13:30:00,,,42506.0,,,,
2025-05-09 13:40:00,,,43366.0,,,,
2025-05-09 13:50:00,,,44229.0,,,,
2025-05-09 14:00:00,,,44856.0,53624.0,,,
2025-05-09 14:10:00,,,45633.0,,,,
2025-05-09 14:20:00,,,46469.0,,,,
2025-05-09 14:30:00,,,47392.0,,,,
2025-05-09 14:40:00,,,48286.0,,,,
2025-05-09 14:50:00,,,49072.0,,,,
2025-05-09 15:00:00,,,49512.0,53629.0,,,
2025-05-09 15:10:00,,,50115.0,,,,
2025-05-09 15:20:00,,,50700.0,,,,
2025-05-09 15:30:00,,,51360.0,,,,
2025-05-09 15:40:00,,,52004.0,,,,
2025-05-09 15:50:00,,,52543.0,,,,
2025-05-09 16:00:00,,,52815.0,53629.0,,,
2025-05-09 16:10:00,,,53269.0,,,,
2025-05-09 16:20:00,,,53763.0,,,,
2025-05-09 16:30:00,,,54514.0,,,,
2025-05-09 16:40:00,,,55107.0,,,,
2025-05-09 16:50:00,,,55564.0,,,,
2025-05-09 17:00:00,,,55799.0,53582.0,,,
2025-05-09 17:10:00,,,56450.0,,,,
2025-05-09 17:20:00,,,57088.0,,,,
2025-05-09 17:30:00,,,57725.0,,,,
2025-05-09 17:40:00,,,58192.0,,,,
2025-05-09 17:50:00,,,58777.0,,,,
2025-05-09 18:00:00,,,59251.0,53505.0,,,
2025-05-09 18:10:00,,,59740.0,,,,
2025-05-09 18:20:00,,,60508.0,,,,
2025-05-09 18:30:00,,,61120.0,,,,
2025-05-09 18:40:00,,,62077.0,,,,
2025-05-09 18:50:00,,,62811.0,,,,
2025-05-09 19:00:00,,,63615.0,53461.0,,,
2025-05-09 19:10:00,,,64375.0,,,,
2025-05-09 19:20:00,,,65267.0,,,,
2025-05-09 19:30:00,,,65909.0,,,,
2025-05-09 19:40:00,,,66583.0,,,,
2025-05-09 19:50:00,,,67126.0,,,,
2025-05-09 20:00:00,,,67553.0,53467.0,,,
2025-05-09 20:10:00,,,67853.0,,,,
2025-05-09 20:20:00,,,68360.0,,,,
2025-05-09 20:30:00,,,68470.0,,,,
2025-05-09 20:40:00,,,68637.0,,,,
2025-05-09 20:50:00,,,68613.0,,,,
2025-05-09 21:00:00,,,68582.0,53518.0,,,
2025-05-09 21:10:00,,,68228.0,,,,
2025-05-09 21:20:00,,,68100.0,,,,
2025-05-09 21:30:00,,,67982.0,,,,
2025-05-09 21:40:00,,,67525.0,,,,
2025-05-09 21:50:00,,,67065.0,,,,
2025-05-09 22:00:00,,,66705.0,53594.0,,,
2025-05-09 22:10:00,,,66144.0,,,,
2025-05-09 22:20:00,,,65748.0,,,,
2025-05-09 22:30:00,,,65536.0,,,,
2025-05-09 22:40:00,,,65411.0,,,,
2025-05-09 22:50:00,,,65270.0,,,,
2025-05-09 23:00:00,,,64847.0,53516.0,,,
2025-05-09 23:10:00,,,64534.0,,,,
2025-05-09 23:20:00,,,64494.0,,,,
2025-05-09 23:30:00,,,64564.0,,,,
2025-05-09 23:40:00,,,64842.0,,,,
2025-05-09 23:50:00,,,64962.0,,,,
2025-05-10 00:00:00,,,64944.0,53387.0,127423.0,300.0,-83.0
2025-05-10 00:10:00,,,64936.0,,,,
2025-05-10 00:20:00,,,65315.0,,,,
2025-05-10 00:30:00,,,65750.0,,,,
2025-05-10 00:40:00,,,66344.0,,,,
2025-05-10 00:50:00,,,66850.0,,,,
2025-05-10 01:00:00,,,67196.0,53296.0,,,
2025-05-10 01:10:00,,,67594.0,,,,
2025-05-10 01:20:00,,,67833.0,,,,
2025-05-10 01:30:00,,,68198.0,,,,
2025-05-10 01:40:00,,,68545.0,,,,
2025-05-10 01:50:00,,,68706.0,,,,
2025-05-10 02:00:00,,,68713.0,53218.0,,,
2025-05-10 02:10:00,,,68611.0,,,,
2025-05-10 02:20:00,,,68602.0,,,,
2025-05-10 02:30:00,,,68342.0,,,,
2025-05-10 02:40:00,,,68145.0,,,,
2025-05-10 02:50:00,,,67924.0,,,,
2025-05-10 03:00:00,,,67621.0,53302.0,,,
2025-05-10 03:10:00,,,66849.0,,,,
2025-05-10 03:20:00,,,66329.0,,,,
2025-05-10 03:30:00,,,65571.0,,,,
2025-05-10 03:40:00,,,64711.0,,,,
2025-05-10 03:50:00,,,63656.0,,,,
2025-05-10 04:00:00,,,62585.0,53525.0,,,
2025-05-10 04:10:00,,,61431.0,,,,
2025-05-10 04:20:00,,,60211.0,,,,
2025-05-10 04:30:00,,,59041.0,,,,
2025-05-10 04:40:00,,,57890.0,,,,
2025-05-10 04:50:00,,,56532.0,,,,
2025-05-10 05:00:00,,,55065.0,53827.0,,,
2025-05-10 05:10:00,,,53648.0,,,,
2025-05-10 05:20:00,,,52451.0,,,,
2025-05-10 05:30:00,,,51295.0,,,,
2025-05-10 05:40:00,,,50221.0,,,,
2025-05-10 05:50:00,,,49243.0,,,,
2025-05-10 06:00:00,,,48295.0,54189.0,,,
2025-05-10 06:10:00,,,47197.0,,,,
2025-05-10 06:20:00,,,46285.0,,,,
2025-05-10 06:30:00,,,45394.0,,,,
2025-05-10 06:40:00,,,44579.0,,,,
2025-05-10 06:50:00,,,43782.0,,,,
2025-05-10 07:00:00,,,43119.0,54558.0,,,
2025-05-10 07:10:00,,,42506.0,,,,
2025-05-10 07:20:00,,,41892.0,,,,
2025-05-10 07:30:00,,,41489.0,,,,
2025-05-10 07:40:00,,,41058.0,,,,
2025-05-10 07:50:00,,,40838.0,,,,
2025-05-10 08:00:00,,,40630.0,54941.0,,,
2025-05-10 08:10:00,,,40433.0,,,,
2025-05-10 08:20:00,,,40230.0,,,,
2025-05-10 08:30:00,,,40158.0,,,,
2025-05-10 08:40:00,,,40188.0,,,,
2025-05-10 08:50:00,,,40270.0,,,,
2025-05-10 09:00:00,,,40315.0,55358.0,,,
2025-05-10 09:10:00,,,40319.0,,,,
2025-05-10 09:20:00,,,40459.0,,,,
2025-05-10 09:30:00,,,40515.0,,,,
2025-05-10 09:40:00,,,40683.0,,,,
2025-05-10 09:50:00,,,40911.0,,,,
2025-05-10 10:00:00,,,41102.0,55795.0,,,
2025-05-10 10:10:00,,,41149.0,,,,
2025-05-10 10:20:00,,,41286.0,,,,
2025-05-10 10:30:00,,,41551.0,,,,
2025-05-10 10:40:00,,,41987.0,,,,
2025-05-10 10:50:00,,,42282.0,,,,
2025-05-10 11:00:00,,,42486.0,56280.0,,,
2025-05-10 11:10:00,,,43053.0,,,,
2025-05-10 11:20:00,,,43793.0,,,,
2025-05-10 11:30:00,,,44478.0,,,,
2025-05-10 11:40:00,,,45298.0,,,,
2025-05-10 11:50:00,,,46140.0,,,,
2025-05-10 12:00:00,,,47100.0,56816.0,,,
2025-05-10 12:10:00,,,47982.0,,,,
2025-05-10 12:20:00,,,48955.0,,,,
2025-05-10 12:30:00,,,49997.0,,,,
2025-05-10 12:40:00,,,51008.0,,,,
2025-05-10 12:50:00,,,52079.0,,,,
2025-05-10 13:00:00,,,53073.0,57421.0,,,
2025-05-10 13:10:00,,,54077.0,,,,
2025-05-10 13:20:00,,,55281.0,,,,
2025-05-10 13:30:00,,,56424.0,,,,
2025-05-10 13:40:00,,,57527.0,,,,
2025-05-10 13:50:00,,,58694.0,,,,
2025-05-10 14:00:00,,,59773.0,58080.0,,,
2025-05-10 14:10:00,,,60742.0,,,,
2025-05-10 14:20:00,,,61891.0,,,,
2025-05-10 14:30:00,,,63143.0,,,,
2025-05-10 14:40:00,,,64133.0,,,,
2025-05-10 14:50:00,,,65014.0,,,,
2025-05-10 15:00:00,,,65843.0,58747.0,,,
2025-05-10 15:10:00,,,66420.0,,,,
2025-05-10 15:20:00,,,67221.0,,,,
2025-05-10 15:30:00,,,67841.0,,,,
2025-05-10 15:40:00,,,68475.0,,,,
2025-05-10 15:50:00,,,68833.0,,,,
2025-05-10 16:00:00,,,69255.0,59406.0,,,
2025-05-10 16:10:00,,,69717.0,,,,
2025-05-10 16:20:00,,,70153.0,,,,
2025-05-10 16:30:00,,,70687.0,,,,
2025-05-10 16:40:00,,,71162.0,,,,
2025-05-10 16:50:00,,,71763.0,,,,
2025-05-10 17:00:00,,,72072.0,59976.0,,,
2025-05-10 17:10:00,,,72538.0,,,,
2025-05-10 17:20:00,,,72889.0,59976.0,,,
2025-05-10 17:22:33,,"264,9",,,,,
2025-05-10 17:22:33,"264,9","264,9",,,,,
