DateTime,Players,Average Players,Followers,Positive reviews,Negative reviews,Final price,Historical Low
2022-03-31 00:00:00,,,14.0,,,,
2022-04-01 00:00:00,,,196.0,,,,
2022-04-02 00:00:00,,,549.0,,,,
2022-04-03 00:00:00,,,961.0,,,,
2022-04-04 00:00:00,,,1339.0,,,,
2022-04-05 00:00:00,,,1631.0,,,,
2022-04-06 00:00:00,,,1922.0,,,,
2022-04-07 00:00:00,,,2194.0,,,,
2022-04-08 00:00:00,,,2394.0,,,,
2022-04-09 00:00:00,,,2638.0,,,,
2022-04-10 00:00:00,,,2868.0,,,,
2022-04-11 00:00:00,,,3117.0,,,,
2022-04-12 00:00:00,,,3313.0,,,,
2022-04-13 00:00:00,,,3506.0,,,,
2022-04-14 00:00:00,,,3685.0,,,,
2022-04-15 00:00:00,,,3879.0,,,,
2022-04-16 00:00:00,,,4079.0,,,,
2022-04-17 00:00:00,,,4248.0,,,,
2022-04-18 00:00:00,,,4419.0,,,,
2022-04-19 00:00:00,,,4581.0,,,,
2022-04-20 00:00:00,,,4757.0,,,,
2022-04-21 00:00:00,,,4915.0,,,,
2022-04-22 00:00:00,,,5121.0,,,,
2022-04-23 00:00:00,,,5282.0,,,,
2022-04-24 00:00:00,,,5413.0,,,,
2022-04-25 00:00:00,,,5532.0,,,,
2022-04-26 00:00:00,,,5641.0,,,,
2022-04-27 00:00:00,,,5707.0,,,,
2022-04-28 00:00:00,,,5789.0,,,,
2022-04-29 00:00:00,,,5843.0,,,,
2022-04-30 00:00:00,,,5891.0,,,,
2022-05-01 00:00:00,,,5951.0,,,,
2022-05-02 00:00:00,,,5991.0,,,,
2022-05-03 00:00:00,,,6191.0,,,,
2022-05-04 00:00:00,,,6336.0,,,,
2022-05-05 00:00:00,,,6446.0,,,,
2022-05-06 00:00:00,,,6516.0,,,,
2022-05-07 00:00:00,,,6563.0,,,,
2022-05-08 00:00:00,,,6619.0,,,,
2022-05-09 00:00:00,,,6674.0,,,,
2022-05-10 00:00:00,,,6713.0,,,,
2022-05-11 00:00:00,,,6758.0,,,,
2022-05-12 00:00:00,,,6786.0,,,,
2022-05-13 00:00:00,,,6807.0,,,,
2022-05-14 00:00:00,,,6835.0,,,,
2022-05-15 00:00:00,,,6877.0,,,,
2022-05-16 00:00:00,,,6907.0,,,,
2022-05-17 00:00:00,,,6926.0,,,,
2022-05-18 00:00:00,,,6938.0,,,,
2022-05-19 00:00:00,,,6954.0,,,,
2022-05-20 00:00:00,,,6963.0,,,,
2022-05-21 00:00:00,,,6986.0,,,,
2022-05-22 00:00:00,,,7045.0,,,,
2022-05-23 00:00:00,,,7088.0,,,,
2022-05-24 00:00:00,,,7099.0,,,,
2022-05-25 00:00:00,,,7106.0,,,,
2022-05-26 00:00:00,,,7125.0,,,,
2022-05-27 00:00:00,,,7141.0,,,,
2022-05-28 00:00:00,,,7152.0,,,,
2022-05-29 00:00:00,,,7162.0,,,,
2022-05-30 00:00:00,,,7170.0,,,,
2022-05-31 00:00:00,,,7180.0,,,,
2022-06-01 00:00:00,,,7192.0,,,,
2022-06-02 00:00:00,,,7209.0,,,,
2022-06-03 00:00:00,,,7220.0,,,,
2022-06-04 00:00:00,,,7229.0,,,,
2022-06-05 00:00:00,,,7240.0,,,,
2022-06-06 00:00:00,,,7251.0,,,,
2022-06-07 00:00:00,,,7258.0,,,,
2022-06-08 00:00:00,,,7268.0,,,,
2022-06-09 00:00:00,,,7280.0,,,,
2022-06-10 00:00:00,,,7287.0,,,,
2022-06-11 00:00:00,,,7296.0,,,,
2022-06-12 00:00:00,,,7309.0,,,,
2022-06-13 00:00:00,,,7317.0,,,,
2022-06-14 00:00:00,,,7517.0,,,,
2022-06-15 00:00:00,,,7802.0,,,,
2022-06-16 00:00:00,,,8034.0,,,,
2022-06-17 00:00:00,,,8238.0,,,,
2022-06-18 00:00:00,,,8447.0,,,,
2022-06-19 00:00:00,,,8711.0,,,,
2022-06-20 00:00:00,,,8945.0,,,,
2022-06-21 00:00:00,,,9069.0,,,,
2022-06-22 00:00:00,,,9142.0,,,,
2022-06-23 00:00:00,,,9535.0,,,,
2022-06-24 00:00:00,,,9842.0,,,,
2022-06-25 00:00:00,,,10162.0,,,,
2022-06-26 00:00:00,,,10425.0,,,,
2022-06-27 00:00:00,,,10672.0,,,,
2022-06-28 00:00:00,,,10867.0,,,,
2022-06-29 00:00:00,,,11016.0,,,,
2022-06-30 00:00:00,,,11157.0,,,,
2022-07-01 00:00:00,,,11355.0,,,,
2022-07-02 00:00:00,,,11531.0,,,,
2022-07-03 00:00:00,,,11725.0,,,,
2022-07-04 00:00:00,,,11881.0,,,,
2022-07-05 00:00:00,,,12052.0,,,,
2022-07-06 00:00:00,,,12222.0,,,,
2022-07-07 00:00:00,,,12334.0,,,,
2022-07-08 00:00:00,,,12423.0,,,,
2022-07-09 00:00:00,,,12476.0,,,,
2022-07-10 00:00:00,,,12517.0,,,,
2022-07-11 00:00:00,,,12558.0,,,,
2022-07-12 00:00:00,,,12606.0,,,,
2022-07-13 00:00:00,,,12641.0,,,,
2022-07-14 00:00:00,,,12685.0,,,,
2022-07-15 00:00:00,,,12718.0,,,,
2022-07-16 00:00:00,,,12755.0,,,,
2022-07-17 00:00:00,,,12788.0,,,,
2022-07-18 00:00:00,,,12816.0,,,,
2022-07-19 00:00:00,,,12841.0,,,,
2022-07-20 00:00:00,,,12870.0,,,,
2022-07-21 00:00:00,,,12899.0,,,,
2022-07-22 00:00:00,,,12912.0,,,,
2022-07-23 00:00:00,,,12940.0,,,,
2022-07-24 00:00:00,,,12959.0,,,,
2022-07-25 00:00:00,,,12983.0,,,,
2022-07-26 00:00:00,,,12999.0,,,,
2022-07-27 00:00:00,,,13024.0,,,,
2022-07-28 00:00:00,,,13035.0,,,,
2022-07-29 00:00:00,,,13047.0,,,,
2022-07-30 00:00:00,,,13055.0,,,,
2022-07-31 00:00:00,,,13059.0,,,,
2022-08-01 00:00:00,,,13073.0,,,,
2022-08-02 00:00:00,,,13086.0,,,,
2022-08-03 00:00:00,,,13095.0,,,,
2022-08-04 00:00:00,,,13105.0,,,,
2022-08-05 00:00:00,,,13143.0,,,,
2022-08-06 00:00:00,,,13177.0,,,,
2022-08-07 00:00:00,,,13206.0,,,,
2022-08-08 00:00:00,,,13225.0,,,,
2022-08-09 00:00:00,,,13237.0,,,,
2022-08-10 00:00:00,,,13244.0,,,,
2022-08-11 00:00:00,,,13257.0,,,,
2022-08-12 00:00:00,,,13271.0,,,,
2022-08-13 00:00:00,,,13277.0,,,,
2022-08-14 00:00:00,,,13288.0,,,,
2022-08-15 00:00:00,,,13295.0,,,,
2022-08-16 00:00:00,,,13304.0,,,,
2022-08-17 00:00:00,,,13315.0,,,,
2022-08-18 00:00:00,,,13325.0,,,,
2022-08-19 00:00:00,,,13332.0,,,,
2022-08-20 00:00:00,,,13341.0,,,,
2022-08-21 00:00:00,,,13358.0,,,,
2022-08-22 00:00:00,,,13367.0,,,,
2022-08-23 00:00:00,,,13381.0,,,,
2022-08-24 00:00:00,,,13392.0,,,,
2022-08-25 00:00:00,,,13401.0,,,,
2022-08-26 00:00:00,,,13437.0,,,,
2022-08-27 00:00:00,,,13460.0,,,,
2022-08-28 00:00:00,,,13478.0,,,,
2022-08-29 00:00:00,,,13489.0,,,,
2022-08-30 00:00:00,,,13498.0,,,,
2022-08-31 00:00:00,,,13533.0,,,,
2022-09-01 00:00:00,,,13557.0,,,,
2022-09-02 00:00:00,,,13579.0,,,,
2022-09-03 00:00:00,,,13599.0,,,,
2022-09-04 00:00:00,,,13616.0,,,,
2022-09-05 00:00:00,,,13636.0,,,,
2022-09-06 00:00:00,,,13656.0,,,,
2022-09-07 00:00:00,,,13676.0,,,,
2022-09-08 00:00:00,,,13695.0,,,,
2022-09-09 00:00:00,,,13709.0,,,,
2022-09-10 00:00:00,,,13725.0,,,,
2022-09-11 00:00:00,,,13734.0,,,,
2022-09-12 00:00:00,,,13746.0,,,,
2022-09-13 00:00:00,,,13752.0,,,,
2022-09-14 00:00:00,,,13764.0,,,,
2022-09-15 00:00:00,,,13780.0,,,,
2022-09-16 00:00:00,,,13789.0,,,,
2022-09-17 00:00:00,,,13802.0,,,,
2022-09-18 00:00:00,,,13816.0,,,,
2022-09-19 00:00:00,,,13833.0,,,,
2022-09-20 00:00:00,,,13840.0,,,,
2022-09-21 00:00:00,,,13846.0,,,,
2022-09-22 00:00:00,,,13853.0,,,,
2022-09-23 00:00:00,,,13860.0,,,,
2022-09-24 00:00:00,,,13873.0,,,,
2022-09-25 00:00:00,,,13889.0,,,,
2022-09-26 00:00:00,,,13901.0,,,,
2022-09-27 00:00:00,,,13908.0,,,,
2022-09-28 00:00:00,,,13934.0,,,,
2022-09-29 00:00:00,,,13938.0,,,,
2022-09-30 00:00:00,,,13950.0,,,,
2022-10-01 00:00:00,,,13958.0,,,,
2022-10-02 00:00:00,,,13981.0,,,,
2022-10-03 00:00:00,,,14009.0,,,,
2022-10-04 00:00:00,,,14017.0,,,,
2022-10-05 00:00:00,,,14033.0,,,,
2022-10-06 00:00:00,,,14048.0,,,,
2022-10-07 00:00:00,,,14067.0,,,,
2022-10-08 00:00:00,,,14080.0,,,,
2022-10-09 00:00:00,,,14095.0,,,,
2022-10-10 00:00:00,,,14107.0,,,,
2022-10-11 00:00:00,,,14122.0,,,,
2022-10-12 00:00:00,,,14140.0,,,,
2022-10-13 00:00:00,,,14155.0,,,,
2022-10-14 00:00:00,,,14172.0,,,,
2022-10-15 00:00:00,,,14184.0,,,,
2022-10-16 00:00:00,,,14197.0,,,,
2022-10-17 00:00:00,,,14211.0,,,,
2022-10-18 00:00:00,,,14220.0,,,,
2022-10-19 00:00:00,,,14224.0,,,,
2022-10-20 00:00:00,,,14242.0,,,,
2022-10-21 00:00:00,,,14253.0,,,,
2022-10-22 00:00:00,,,14268.0,,,,
2022-10-23 00:00:00,,,14275.0,,,,
2022-10-24 00:00:00,,,14288.0,,,,
2022-10-25 00:00:00,,,14291.0,,,,
2022-10-26 00:00:00,,,14297.0,,,,
2022-10-27 00:00:00,,,14301.0,,,,
2022-10-28 00:00:00,,,14304.0,,,,
2022-10-29 00:00:00,,,14317.0,,,,
2022-10-30 00:00:00,,,14325.0,,,,
2022-10-31 00:00:00,,,14334.0,,,,
2022-11-01 00:00:00,,,14344.0,,,,
2022-11-02 00:00:00,,,14354.0,,,,
2022-11-03 00:00:00,,,14362.0,,,,
2022-11-04 00:00:00,,,14371.0,,,,
2022-11-05 00:00:00,,,14386.0,,,,
2022-11-06 00:00:00,,,14395.0,,,,
2022-11-07 00:00:00,,,14408.0,,,,
2022-11-08 00:00:00,,,14425.0,,,,
2022-11-09 00:00:00,,,14431.0,,,,
2022-11-10 00:00:00,,,14438.0,,,,
2022-11-11 00:00:00,,,14445.0,,,,
2022-11-12 00:00:00,,,14455.0,,,,
2022-11-13 00:00:00,,,14479.0,,,,
2022-11-14 00:00:00,,,14494.0,,,,
2022-11-15 00:00:00,,,14502.0,,,,
2022-11-16 00:00:00,,,14509.0,,,,
2022-11-17 00:00:00,,,14516.0,,,,
2022-11-18 00:00:00,,,14522.0,,,,
2022-11-19 00:00:00,,,14530.0,,,,
2022-11-20 00:00:00,,,14538.0,,,,
2022-11-21 00:00:00,,,14546.0,,,,
2022-11-22 00:00:00,,,14555.0,,,,
2022-11-23 00:00:00,,,14570.0,,,,
2022-11-24 00:00:00,,,14586.0,,,,
2022-11-25 00:00:00,,,14602.0,,,,
2022-11-26 00:00:00,,,14618.0,,,,
2022-11-27 00:00:00,,,14639.0,,,,
2022-11-28 00:00:00,,,14658.0,,,,
2022-11-29 00:00:00,,,14676.0,,,,
2022-11-30 00:00:00,,,14691.0,,,,
2022-12-01 00:00:00,,,14708.0,,,,
2022-12-02 00:00:00,,,14720.0,,,,
2022-12-03 00:00:00,,,14732.0,,,,
2022-12-04 00:00:00,,,14746.0,,,,
2022-12-05 00:00:00,,,14759.0,,,,
2022-12-06 00:00:00,,,14770.0,,,,
2022-12-07 00:00:00,,,14779.0,,,,
2022-12-08 00:00:00,,,14788.0,,,,
2022-12-09 00:00:00,,,14800.0,,,,
2022-12-10 00:00:00,,,14814.0,,,,
2022-12-11 00:00:00,,,14834.0,,,,
2022-12-12 00:00:00,,,14847.0,,,,
2022-12-13 00:00:00,,,14853.0,,,,
2022-12-14 00:00:00,,,14864.0,,,,
2022-12-15 00:00:00,,,14875.0,,,,
2022-12-16 00:00:00,,,14884.0,,,,
2022-12-17 00:00:00,,,14902.0,,,,
2022-12-18 00:00:00,,,14914.0,,,,
2022-12-19 00:00:00,,,14935.0,,,,
2022-12-20 00:00:00,,,14948.0,,,,
2022-12-21 00:00:00,,,14967.0,,,,
2022-12-22 00:00:00,,,14975.0,,,,
2022-12-23 00:00:00,,,14990.0,,,,
2022-12-24 00:00:00,,,15012.0,,,,
2022-12-25 00:00:00,,,15020.0,,,,
2022-12-26 00:00:00,,,15037.0,,,,
2022-12-27 00:00:00,,,15060.0,,,,
2022-12-28 00:00:00,,,15080.0,,,,
2022-12-29 00:00:00,,,15094.0,,,,
2022-12-30 00:00:00,,,15122.0,,,,
2022-12-31 00:00:00,,,15146.0,,,,
2023-01-01 00:00:00,,,15171.0,,,,
2023-01-02 00:00:00,,,15198.0,,,,
2023-01-03 00:00:00,,,15223.0,,,,
2023-01-04 00:00:00,,,15245.0,,,,
2023-01-05 00:00:00,,,15258.0,,,,
2023-01-06 00:00:00,,,15278.0,,,,
2023-01-07 00:00:00,,,15293.0,,,,
2023-01-08 00:00:00,,,15314.0,,,,
2023-01-09 00:00:00,,,15332.0,,,,
2023-01-10 00:00:00,,,15350.0,,,,
2023-01-11 00:00:00,,,15366.0,,,,
2023-01-12 00:00:00,,,15384.0,,,,
2023-01-13 00:00:00,,,15411.0,,,,
2023-01-14 00:00:00,,,15450.0,,,,
2023-01-15 00:00:00,,,15476.0,,,,
2023-01-16 00:00:00,,,15504.0,,,,
2023-01-17 00:00:00,,,15523.0,,,,
2023-01-18 00:00:00,,,15540.0,,,,
2023-01-19 00:00:00,,,15556.0,,,,
2023-01-20 00:00:00,,,15578.0,,,,
2023-01-21 00:00:00,,,15608.0,,,,
2023-01-22 00:00:00,,,15622.0,,,,
2023-01-23 00:00:00,,,15646.0,,,,
2023-01-24 00:00:00,,,15674.0,,,,
2023-01-25 00:00:00,,,15693.0,,,,
2023-01-26 00:00:00,,,15708.0,,,,
2023-01-27 00:00:00,,,15716.0,,,,
2023-01-28 00:00:00,,,15736.0,,,,
2023-01-29 00:00:00,,,15760.0,,,,
2023-01-30 00:00:00,,,15774.0,,,,
2023-01-31 00:00:00,,,15789.0,,,,
2023-02-01 00:00:00,,,15804.0,,,,
2023-02-02 00:00:00,,,15822.0,,,,
2023-02-03 00:00:00,,,15845.0,,,,
2023-02-04 00:00:00,,,15865.0,,,,
2023-02-05 00:00:00,,,15888.0,,,,
2023-02-06 00:00:00,,,15914.0,,,,
2023-02-07 00:00:00,,,15932.0,,,,
2023-02-08 00:00:00,,,15958.0,,,,
2023-02-09 00:00:00,,,15973.0,,,,
2023-02-10 00:00:00,,,15992.0,,,,
2023-02-11 00:00:00,,,16003.0,,,,
2023-02-12 00:00:00,,,16014.0,,,,
2023-02-13 00:00:00,,,16036.0,,,,
2023-02-14 00:00:00,,,16049.0,,,,
2023-02-15 00:00:00,,,16061.0,,,,
2023-02-16 00:00:00,,,16076.0,,,,
2023-02-17 00:00:00,,,16089.0,,,,
2023-02-18 00:00:00,,,16092.0,,,,
2023-02-19 00:00:00,,,16107.0,,,,
2023-02-20 00:00:00,,,16125.0,,,,
2023-02-21 00:00:00,,,16134.0,,,,
2023-02-22 00:00:00,,,16148.0,,,,
2023-02-23 00:00:00,,,16163.0,,,,
2023-02-24 00:00:00,,,16183.0,,,,
2023-02-25 00:00:00,,,16194.0,,,,
2023-02-26 00:00:00,,,16211.0,,,,
2023-02-27 00:00:00,,,16233.0,,,,
2023-02-28 00:00:00,,,16248.0,,,,
2023-03-01 00:00:00,,,16260.0,,,,
2023-03-02 00:00:00,,,16268.0,,,,
2023-03-03 00:00:00,,,16279.0,,,,
2023-03-04 00:00:00,,,16289.0,,,,
2023-03-05 00:00:00,,,16299.0,,,,
2023-03-06 00:00:00,,,16316.0,,,,
2023-03-07 00:00:00,,,16322.0,,,,
2023-03-08 00:00:00,,,16330.0,,,,
2023-03-09 00:00:00,,,16338.0,,,,
2023-03-10 00:00:00,,,16348.0,,,,
2023-03-11 00:00:00,,,16357.0,,,,
2023-03-12 00:00:00,,,16363.0,,,,
2023-03-13 00:00:00,,,16377.0,,,,
2023-03-14 00:00:00,,,16390.0,,,,
2023-03-15 00:00:00,,,16393.0,,,,
2023-03-16 00:00:00,,,16398.0,,,,
2023-03-17 00:00:00,,,16410.0,,,,
2023-03-18 00:00:00,,,16418.0,,,,
2023-03-19 00:00:00,,,16429.0,,,,
2023-03-20 00:00:00,,,16441.0,,,,
2023-03-21 00:00:00,,,16450.0,,,,
2023-03-22 00:00:00,,,16463.0,,,,
2023-03-23 00:00:00,,,16463.0,,,,
2023-03-24 00:00:00,,,16476.0,,,,
2023-03-25 00:00:00,,,16481.0,,,,
2023-03-26 00:00:00,,,16490.0,,,,
2023-03-27 00:00:00,,,16498.0,,,,
2023-03-28 00:00:00,,,16498.0,,,,
2023-03-29 00:00:00,,,16515.0,,,,
2023-03-30 00:00:00,,,16532.0,,,,
2023-03-31 00:00:00,,,16538.0,,,,
2023-04-01 00:00:00,,,16541.0,,,,
2023-04-02 00:00:00,,,16548.0,,,,
2023-04-03 00:00:00,,,16561.0,,,,
2023-04-04 00:00:00,,,16569.0,,,,
2023-04-05 00:00:00,,,16584.0,,,,
2023-04-06 00:00:00,,,16595.0,,,,
2023-04-07 00:00:00,,,16607.0,,,,
2023-04-08 00:00:00,,,16622.0,,,,
2023-04-09 00:00:00,,,16636.0,,,,
2023-04-10 00:00:00,,,16644.0,,,,
2023-04-11 00:00:00,,,16649.0,,,,
2023-04-12 00:00:00,,,16659.0,,,,
2023-04-13 00:00:00,,,16669.0,,,,
2023-04-14 00:00:00,,,16677.0,,,,
2023-04-15 00:00:00,,,16694.0,,,,
2023-04-16 00:00:00,,,16706.0,,,,
2023-04-17 00:00:00,,,16721.0,,,,
2023-04-18 00:00:00,,,16734.0,,,,
2023-04-19 00:00:00,,,16743.0,,,,
2023-04-20 00:00:00,,,16751.0,,,,
2023-04-21 00:00:00,,,16770.0,,,,
2023-04-22 00:00:00,,,16784.0,,,,
2023-04-23 00:00:00,,,16798.0,,,,
2023-04-24 00:00:00,,,16807.0,,,,
2023-04-25 00:00:00,,,16817.0,,,,
2023-04-26 00:00:00,,,16824.0,,,,
2023-04-27 00:00:00,,,16836.0,,,,
2023-04-28 00:00:00,,,16843.0,,,,
2023-04-29 00:00:00,,,16848.0,,,,
2023-04-30 00:00:00,,,16859.0,,,,
2023-05-01 00:00:00,,,16869.0,,,,
2023-05-02 00:00:00,,,16874.0,,,,
2023-05-03 00:00:00,,,16882.0,,,,
2023-05-04 00:00:00,,,16896.0,,,,
2023-05-05 00:00:00,,,16904.0,,,,
2023-05-06 00:00:00,,,16910.0,,,,
2023-05-07 00:00:00,,,16922.0,,,,
2023-05-08 00:00:00,,,16929.0,,,,
2023-05-09 00:00:00,,,16931.0,,,,
2023-05-10 00:00:00,,,16935.0,,,,
2023-05-11 00:00:00,,,16943.0,,,,
2023-05-12 00:00:00,,,16944.0,,,,
2023-05-13 00:00:00,,,16947.0,,,,
2023-05-14 00:00:00,,,16956.0,,,,
2023-05-15 00:00:00,,,16963.0,,,,
2023-05-16 00:00:00,,,16977.0,,,,
2023-05-17 00:00:00,,,16985.0,,,,
2023-05-18 00:00:00,,,16991.0,,,,
2023-05-19 00:00:00,,,17000.0,,,,
2023-05-20 00:00:00,,,17012.0,,,,
2023-05-21 00:00:00,,,17022.0,,,,
2023-05-22 00:00:00,,,17037.0,,,,
2023-05-23 00:00:00,,,17048.0,,,,
2023-05-24 00:00:00,,,17051.0,,,,
2023-05-25 00:00:00,,,17055.0,,,,
2023-05-26 00:00:00,,,17063.0,,,,
2023-05-27 00:00:00,,,17070.0,,,,
2023-05-28 00:00:00,,,17074.0,,,,
2023-05-29 00:00:00,,,17078.0,,,,
2023-05-30 00:00:00,,,17086.0,,,,
2023-05-31 00:00:00,,,17096.0,,,,
2023-06-01 00:00:00,,,17102.0,,,,
2023-06-02 00:00:00,,,17107.0,,,,
2023-06-03 00:00:00,,,17120.0,,,,
2023-06-04 00:00:00,,,17146.0,,,,
2023-06-05 00:00:00,,,17174.0,,,,
2023-06-06 00:00:00,,,17183.0,,,,
2023-06-07 00:00:00,,,17192.0,,,,
2023-06-08 00:00:00,,,17201.0,,,,
2023-06-09 00:00:00,,,17210.0,,,,
2023-06-10 00:00:00,,,17210.0,,,,
2023-06-11 00:00:00,,,17216.0,,,,
2023-06-12 00:00:00,,,17223.0,,,,
2023-06-13 00:00:00,,,17228.0,,,,
2023-06-14 00:00:00,,,17236.0,,,,
2023-06-15 00:00:00,,,17245.0,,,,
2023-06-16 00:00:00,,,17249.0,,,,
2023-06-17 00:00:00,,,17259.0,,,,
2023-06-18 00:00:00,,,17260.0,,,,
2023-06-19 00:00:00,,,17263.0,,,,
2023-06-20 00:00:00,,,17277.0,,,,
2023-06-21 00:00:00,,,17281.0,,,,
2023-06-22 00:00:00,,,17282.0,,,,
2023-06-23 00:00:00,,,17286.0,,,,
2023-06-24 00:00:00,,,17297.0,,,,
2023-06-25 00:00:00,,,17309.0,,,,
2023-06-26 00:00:00,,,17325.0,,,,
2023-06-27 00:00:00,,,17337.0,,,,
2023-06-28 00:00:00,,,17348.0,,,,
2023-06-29 00:00:00,,,17359.0,,,,
2023-06-30 00:00:00,,,17378.0,,,,
2023-07-01 00:00:00,,,17386.0,,,,
2023-07-02 00:00:00,,,17401.0,,,,
2023-07-03 00:00:00,,,17412.0,,,,
2023-07-04 00:00:00,,,17428.0,,,,
2023-07-05 00:00:00,,,17438.0,,,,
2023-07-06 00:00:00,,,17446.0,,,,
2023-07-07 00:00:00,,,17452.0,,,,
2023-07-08 00:00:00,,,17459.0,,,,
2023-07-09 00:00:00,,,17474.0,,,,
2023-07-10 00:00:00,,,17483.0,,,,
2023-07-11 00:00:00,,,17486.0,,,,
2023-07-12 00:00:00,,,17493.0,,,,
2023-07-13 00:00:00,,,17502.0,,,,
2023-07-14 00:00:00,,,17507.0,,,,
2023-07-15 00:00:00,,,17516.0,,,,
2023-07-16 00:00:00,,,17525.0,,,,
2023-07-17 00:00:00,,,17530.0,,,,
2023-07-18 00:00:00,,,17536.0,,,,
2023-07-19 00:00:00,,,17540.0,,,,
2023-07-20 00:00:00,,,17556.0,,,,
2023-07-21 00:00:00,,,17569.0,,,,
2023-07-22 00:00:00,,,17578.0,,,,
2023-07-23 00:00:00,,,17588.0,,,,
2023-07-24 00:00:00,,,17592.0,,,,
2023-07-25 00:00:00,,,17601.0,,,,
2023-07-26 00:00:00,,,17610.0,,,,
2023-07-27 00:00:00,,,17624.0,,,,
2023-07-28 00:00:00,,,17627.0,,,,
2023-07-29 00:00:00,,,17636.0,,,,
2023-07-30 00:00:00,,,17640.0,,,,
2023-07-31 00:00:00,,,17648.0,,,,
2023-08-01 00:00:00,,,17656.0,,,,
2023-08-02 00:00:00,,,17664.0,,,,
2023-08-03 00:00:00,,,17667.0,,,,
2023-08-04 00:00:00,,,17678.0,,,,
2023-08-05 00:00:00,,,17689.0,,,,
2023-08-06 00:00:00,,,17695.0,,,,
2023-08-07 00:00:00,,,17705.0,,,,
2023-08-08 00:00:00,,,17712.0,,,,
2023-08-09 00:00:00,,,17734.0,,,,
2023-08-10 00:00:00,,,17747.0,,,,
2023-08-11 00:00:00,,,17765.0,,,,
2023-08-12 00:00:00,,,17774.0,,,,
2023-08-13 00:00:00,,,17787.0,,,,
2023-08-14 00:00:00,,,17809.0,,,,
2023-08-15 00:00:00,,,17820.0,,,,
2023-08-16 00:00:00,,,17831.0,,,,
2023-08-17 00:00:00,,,17837.0,,,,
2023-08-18 00:00:00,,,17845.0,,,,
2023-08-19 00:00:00,,,17852.0,,,,
2023-08-20 00:00:00,,,17864.0,,,,
2023-08-21 00:00:00,,,17870.0,,,,
2023-08-22 00:00:00,,,17884.0,,,,
2023-08-23 00:00:00,,,17889.0,,,,
2023-08-24 00:00:00,,,17896.0,,,,
2023-08-25 00:00:00,,,17899.0,,,,
2023-08-26 00:00:00,,,17904.0,,,,
2023-08-27 00:00:00,,,17907.0,,,,
2023-08-28 00:00:00,,,17918.0,,,,
2023-08-29 00:00:00,,,17921.0,,,,
2023-08-30 00:00:00,,,17925.0,,,,
2023-08-31 00:00:00,,,17932.0,,,,
2023-09-01 00:00:00,,,17939.0,,,,
2023-09-02 00:00:00,,,17945.0,,,,
2023-09-03 00:00:00,,,17952.0,,,,
2023-09-04 00:00:00,,,17958.0,,,,
2023-09-05 00:00:00,,,17967.0,,,,
2023-09-06 00:00:00,,,17968.0,,,,
2023-09-07 00:00:00,,,17969.0,,,,
2023-09-08 00:00:00,,,17971.0,,,,
2023-09-09 00:00:00,,,17979.0,,,,
2023-09-10 00:00:00,,,17982.0,,,,
2023-09-11 00:00:00,,,17987.0,,,,
2023-09-12 00:00:00,,,17994.0,,,,
2023-09-13 00:00:00,,,17994.0,,,,
2023-09-14 00:00:00,,,17996.0,,,,
2023-09-15 00:00:00,,,18010.0,,,,
2023-09-16 00:00:00,,,18018.0,,,,
2023-09-17 00:00:00,,,18028.0,,,,
2023-09-18 00:00:00,,,18043.0,,,,
2023-09-19 00:00:00,,,18051.0,,,,
2023-09-20 00:00:00,,,18057.0,,,,
2023-09-21 00:00:00,,,18065.0,,,,
2023-09-22 00:00:00,,,18073.0,,,,
2023-09-23 00:00:00,,,18075.0,,,,
2023-09-24 00:00:00,,,18081.0,,,,
2023-09-25 00:00:00,,,18089.0,,,,
2023-09-26 00:00:00,,,18090.0,,,,
2023-09-27 00:00:00,,,18103.0,,,,
2023-09-28 00:00:00,,,18107.0,,,,
2023-09-29 00:00:00,,,18109.0,,,,
2023-09-30 00:00:00,,,18113.0,,,,
2023-10-01 00:00:00,,,18119.0,,,,
2023-10-02 00:00:00,,,18127.0,,,,
2023-10-03 00:00:00,,,18134.0,,,,
2023-10-04 00:00:00,,,18145.0,,,,
2023-10-05 00:00:00,,,18152.0,,,,
2023-10-06 00:00:00,,,18155.0,,,,
2023-10-07 00:00:00,,,18169.0,,,,
2023-10-08 00:00:00,,,18169.0,,,,
2023-10-09 00:00:00,,,18175.0,,,,
2023-10-10 00:00:00,,,18179.0,,,,
2023-10-11 00:00:00,,,18187.0,,,,
2023-10-12 00:00:00,,,18194.0,,,,
2023-10-13 00:00:00,,,18196.0,,,,
2023-10-14 00:00:00,,,18202.0,,,,
2023-10-15 00:00:00,,,18212.0,,,,
2023-10-16 00:00:00,,,18221.0,,,,
2023-10-17 00:00:00,,,18232.0,,,,
2023-10-18 00:00:00,,,18236.0,,,,
2023-10-19 00:00:00,,,18240.0,,,,
2023-10-20 00:00:00,,,18246.0,,,,
2023-10-21 00:00:00,,,18255.0,,,,
2023-10-22 00:00:00,,,18261.0,,,,
2023-10-23 00:00:00,,,18267.0,,,,
2023-10-24 00:00:00,,,18274.0,,,,
2023-10-25 00:00:00,,,18284.0,,,,
2023-10-26 00:00:00,,,18290.0,,,,
2023-10-27 00:00:00,,,18325.0,,,,
2023-10-28 00:00:00,,,18351.0,,,,
2023-10-29 00:00:00,,,18370.0,,,,
2023-10-30 00:00:00,,,18384.0,,,,
2023-10-31 00:00:00,,,18407.0,,,,
2023-11-01 00:00:00,,,18423.0,,,,
2023-11-02 00:00:00,,,18433.0,,,,
2023-11-03 00:00:00,,,18439.0,,,,
2023-11-04 00:00:00,,,18444.0,,,,
2023-11-05 00:00:00,,,18451.0,,,,
2023-11-06 00:00:00,,,18455.0,,,,
2023-11-07 00:00:00,,,18459.0,,,,
2023-11-08 00:00:00,,,18466.0,,,,
2023-11-09 00:00:00,,,18474.0,,,,
2023-11-10 00:00:00,,,18480.0,,,,
2023-11-11 00:00:00,,,18481.0,,,,
2023-11-12 00:00:00,,,18487.0,,,,
2023-11-13 00:00:00,,,18494.0,,,,
2023-11-14 00:00:00,,,18503.0,,,,
2023-11-15 00:00:00,,,18507.0,,,,
2023-11-16 00:00:00,,,18512.0,,,,
2023-11-17 00:00:00,,,18517.0,,,,
2023-11-18 00:00:00,,,18523.0,,,,
2023-11-19 00:00:00,,,18529.0,,,,
2023-11-20 00:00:00,,,18539.0,,,,
2023-11-21 00:00:00,,,18543.0,,,,
2023-11-22 00:00:00,,,18548.0,,,,
2023-11-23 00:00:00,,,18558.0,,,,
2023-11-24 00:00:00,,,18569.0,,,,
2023-11-25 00:00:00,,,18572.0,,,,
2023-11-26 00:00:00,,,18577.0,,,,
2023-11-27 00:00:00,,,18586.0,,,,
2023-11-28 00:00:00,,,18589.0,,,,
2023-11-29 00:00:00,,,18596.0,,,,
2023-11-30 00:00:00,,,18601.0,,,,
2023-12-01 00:00:00,,,18608.0,,,,
2023-12-02 00:00:00,,,18628.0,,,,
2023-12-03 00:00:00,,,18639.0,,,,
2023-12-04 00:00:00,,,18650.0,,,,
2023-12-05 00:00:00,,,18659.0,,,,
2023-12-06 00:00:00,,,18667.0,,,,
2023-12-07 00:00:00,,,18677.0,,,,
2023-12-08 00:00:00,,,18702.0,,,,
2023-12-09 00:00:00,,,18716.0,,,,
2023-12-10 00:00:00,,,18735.0,,,,
2023-12-11 00:00:00,,,18744.0,,,,
2023-12-12 00:00:00,,,18755.0,,,,
2023-12-13 00:00:00,,,18755.0,,,,
2023-12-14 00:00:00,,,18764.0,,,,
2023-12-15 00:00:00,,,18774.0,,,,
2023-12-16 00:00:00,,,18773.0,,,,
2023-12-17 00:00:00,,,18776.0,,,,
2023-12-18 00:00:00,,,18783.0,,,,
2023-12-19 00:00:00,,,18793.0,,,,
2023-12-20 00:00:00,,,18800.0,,,,
2023-12-21 00:00:00,,,18810.0,,,,
2023-12-22 00:00:00,,,18819.0,,,,
2023-12-23 00:00:00,,,18833.0,,,,
2023-12-24 00:00:00,,,18843.0,,,,
2023-12-25 00:00:00,,,18864.0,,,,
2023-12-26 00:00:00,,,18881.0,,,,
2023-12-27 00:00:00,,,18906.0,,,,
2023-12-28 00:00:00,,,18911.0,,,,
2023-12-29 00:00:00,,,18926.0,,,,
2023-12-30 00:00:00,,,18941.0,,,,
2023-12-31 00:00:00,,,18956.0,,,,
2024-01-01 00:00:00,,,18963.0,,,,
2024-01-02 00:00:00,,,18981.0,,,,
2024-01-03 00:00:00,,,19001.0,,,,
2024-01-04 00:00:00,,,19019.0,,,,
2024-01-05 00:00:00,,,19034.0,,,,
2024-01-06 00:00:00,,,19040.0,,,,
2024-01-07 00:00:00,,,19056.0,,,,
2024-01-08 00:00:00,,,19079.0,,,,
2024-01-09 00:00:00,,,19099.0,,,,
2024-01-10 00:00:00,,,19128.0,,,,
2024-01-11 00:00:00,,,19141.0,,,,
2024-01-12 00:00:00,,,19164.0,,,,
2024-01-13 00:00:00,,,19176.0,,,,
2024-01-14 00:00:00,,,19191.0,,,,
2024-01-15 00:00:00,,,19205.0,,,,
2024-01-16 00:00:00,,,19219.0,,,,
2024-01-17 00:00:00,,,19232.0,,,,
2024-01-18 00:00:00,,,19240.0,,,,
2024-01-19 00:00:00,,,19251.0,,,,
2024-01-20 00:00:00,,,19271.0,,,,
2024-01-21 00:00:00,,,19284.0,,,,
2024-01-22 00:00:00,,,19299.0,,,,
2024-01-23 00:00:00,,,19312.0,,,,
2024-01-24 00:00:00,,,19321.0,,,,
2024-01-25 00:00:00,,,19345.0,,,,
2024-01-26 00:00:00,,,19366.0,,,,
2024-01-27 00:00:00,,,19394.0,,,,
2024-01-28 00:00:00,,,19427.0,,,,
2024-01-29 00:00:00,,,19448.0,,,,
2024-01-30 00:00:00,,,19460.0,,,,
2024-01-31 00:00:00,,,19480.0,,,,
2024-02-01 00:00:00,,,19493.0,,,,
2024-02-02 00:00:00,,,19508.0,,,,
2024-02-03 00:00:00,,,19515.0,,,,
2024-02-04 00:00:00,,,19529.0,,,,
2024-02-05 00:00:00,,,19535.0,,,,
2024-02-06 00:00:00,,,19553.0,,,,
2024-02-07 00:00:00,,,19566.0,,,,
2024-02-08 00:00:00,,,19574.0,,,,
2024-02-09 00:00:00,,,19591.0,,,,
2024-02-10 00:00:00,,,19603.0,,,,
2024-02-11 00:00:00,,,19619.0,,,,
2024-02-12 00:00:00,,,19632.0,,,,
2024-02-13 00:00:00,,,19649.0,,,,
2024-02-14 00:00:00,,,19662.0,,,,
2024-02-15 00:00:00,,,19676.0,,,,
2024-02-16 00:00:00,,,19694.0,,,,
2024-02-17 00:00:00,,,19705.0,,,,
2024-02-18 00:00:00,,,19714.0,,,,
2024-02-19 00:00:00,,,19724.0,,,,
2024-02-20 00:00:00,,,19734.0,,,,
2024-02-21 00:00:00,,,19752.0,,,,
2024-02-22 00:00:00,,,19758.0,,,,
2024-02-23 00:00:00,,,19760.0,,,,
2024-02-24 00:00:00,,,19760.0,,,,
2024-02-25 00:00:00,,,19767.0,,,,
2024-02-26 00:00:00,,,19773.0,,,,
2024-02-27 00:00:00,,,19779.0,,,,
2024-02-28 00:00:00,,,19790.0,,,,
2024-02-29 00:00:00,,,19795.0,,,,
2024-03-01 00:00:00,,,19803.0,,,,
2024-03-02 00:00:00,,,19810.0,,,,
2024-03-03 00:00:00,,,19820.0,,,,
2024-03-04 00:00:00,,,19824.0,,,,
2024-03-05 00:00:00,,,19831.0,,,,
2024-03-06 00:00:00,,,19839.0,,,,
2024-03-07 00:00:00,,,19839.0,,,,
2024-03-08 00:00:00,,,19842.0,,,,
2024-03-09 00:00:00,,,19846.0,,,,
2024-03-10 00:00:00,,,19853.0,,,,
2024-03-11 00:00:00,,,19861.0,,,,
2024-03-12 00:00:00,,,19865.0,,,,
2024-03-13 00:00:00,,,19868.0,,,,
2024-03-14 00:00:00,,,19870.0,,,,
2024-03-15 00:00:00,,,19879.0,,,,
2024-03-16 00:00:00,,,19883.0,,,,
2024-03-17 00:00:00,,,19885.0,,,,
2024-03-18 00:00:00,,,19895.0,,,,
2024-03-19 00:00:00,,,19898.0,,,,
2024-03-20 00:00:00,,,19902.0,,,,
2024-03-21 00:00:00,,,19905.0,,,,
2024-03-22 00:00:00,,,19911.0,,,,
2024-03-23 00:00:00,,,19916.0,,,,
2024-03-24 00:00:00,,,19919.0,,,,
2024-03-25 00:00:00,,,19924.0,,,,
2024-03-26 00:00:00,,,19933.0,,,,
2024-03-27 00:00:00,,,19940.0,,,,
2024-03-28 00:00:00,,,19941.0,,,,
2024-03-29 00:00:00,,,20113.0,,,,
2024-03-30 00:00:00,,,20203.0,,,,
2024-03-31 00:00:00,,,20262.0,,,,
2024-04-01 00:00:00,,,20313.0,,,,
2024-04-02 00:00:00,,,20354.0,,,,
2024-04-03 00:00:00,,,20421.0,,,,
2024-04-04 00:00:00,,,20481.0,,,,
2024-04-05 00:00:00,,,20544.0,,,,
2024-04-06 00:00:00,,,20587.0,,,,
2024-04-07 00:00:00,,,20632.0,,,,
2024-04-08 00:00:00,,,20680.0,,,,
2024-04-09 00:00:00,,,20737.0,,,,
2024-04-10 00:00:00,,,20779.0,,,,
2024-04-11 00:00:00,,,20822.0,,,,
2024-04-12 00:00:00,,,20856.0,,,,
2024-04-13 00:00:00,,,20897.0,,,,
2024-04-14 00:00:00,,,20917.0,,,,
2024-04-15 00:00:00,,,20934.0,,,,
2024-04-16 00:00:00,,,20966.0,,,,
2024-04-17 00:00:00,,,20995.0,,,,
2024-04-18 00:00:00,,,21023.0,,,,
2024-04-19 00:00:00,,,21034.0,,,,
2024-04-20 00:00:00,,,21058.0,,,,
2024-04-21 00:00:00,,,21071.0,,,,
2024-04-22 00:00:00,,,21098.0,,,,
2024-04-23 00:00:00,,,21128.0,,,,
2024-04-24 00:00:00,,,21192.0,,,,
2024-04-25 00:00:00,,,21230.0,,,,
2024-04-26 00:00:00,,,21255.0,,,,
2024-04-27 00:00:00,,,21271.0,,,,
2024-04-28 00:00:00,,,21295.0,,,,
2024-04-29 00:00:00,,,21327.0,,,,
2024-04-30 00:00:00,,,21347.0,,,,
2024-05-01 00:00:00,,,21390.0,,,,
2024-05-02 00:00:00,,,21407.0,,,,
2024-05-03 00:00:00,,,21434.0,,,,
2024-05-04 00:00:00,,,21464.0,,,,
2024-05-05 00:00:00,,,21491.0,,,,
2024-05-06 00:00:00,,,21508.0,,,,
2024-05-07 00:00:00,,,21525.0,,,,
2024-05-08 00:00:00,,,21555.0,,,,
2024-05-09 00:00:00,,,21592.0,,,,
2024-05-10 00:00:00,,,21626.0,,,,
2024-05-11 00:00:00,,,21648.0,,,,
2024-05-12 00:00:00,,,21684.0,,,,
2024-05-13 00:00:00,,,21720.0,,,,
2024-05-14 00:00:00,,,21742.0,,,,
2024-05-15 00:00:00,,,21772.0,,,,
2024-05-16 00:00:00,,,21804.0,,,,
2024-05-17 00:00:00,,,21824.0,,,,
2024-05-18 00:00:00,,,21849.0,,,,
2024-05-19 00:00:00,,,21873.0,,,,
2024-05-20 00:00:00,,,21898.0,,,,
2024-05-21 00:00:00,,,21916.0,,,,
2024-05-22 00:00:00,,,21944.0,,,,
2024-05-23 00:00:00,,,21983.0,,,,
2024-05-24 00:00:00,,,22023.0,,,,
2024-05-25 00:00:00,,,22145.0,,,,
2024-05-26 00:00:00,,,22258.0,,,,
2024-05-27 00:00:00,,,22375.0,,,,
2024-05-28 00:00:00,,,22527.0,,,,
2024-05-29 00:00:00,3559.0,2321.0,23281.0,322.0,-31.0,,
2024-05-29 06:55:02,,,,,,"80,09","80,09"
2024-05-30 00:00:00,4527.0,2708.0,25469.0,305.0,-39.0,,
2024-05-31 00:00:00,4861.0,3066.0,26829.0,182.0,-21.0,,
2024-06-01 00:00:00,6054.0,4099.0,27855.0,399.0,-47.0,,
2024-06-02 00:00:00,6568.0,4529.0,28812.0,136.0,-4.0,,
2024-06-03 00:00:00,5758.0,3314.0,29679.0,456.0,-32.0,,
2024-06-04 00:00:00,5680.0,3250.0,30426.0,269.0,-9.0,,
2024-06-04 17:03:05,,,,,,"88,99","80,09"
2024-06-05 00:00:00,5305.0,3029.0,31121.0,262.0,-20.0,,
2024-06-06 00:00:00,5251.0,2955.0,31767.0,166.0,-2.0,,
2024-06-07 00:00:00,4937.0,2899.0,32244.0,330.0,-18.0,,
2024-06-08 00:00:00,5436.0,3626.0,32748.0,121.0,,,
2024-06-09 00:00:00,5545.0,3667.0,33243.0,297.0,-17.0,,
2024-06-10 00:00:00,4451.0,2958.0,33718.0,360.0,-16.0,,
2024-06-11 00:00:00,4010.0,2276.0,34086.0,238.0,-6.0,,
2024-06-12 00:00:00,3932.0,2207.0,34518.0,146.0,-2.0,,
2024-06-13 00:00:00,3885.0,2119.0,34920.0,184.0,-9.0,,
2024-06-14 00:00:00,3693.0,2157.0,35286.0,75.0,-4.0,,
2024-06-15 00:00:00,4180.0,2776.0,35641.0,244.0,-12.0,,
2024-06-16 00:00:00,4001.0,2735.0,36012.0,206.0,-3.0,,
2024-06-17 00:00:00,3343.0,1934.0,36381.0,228.0,-5.0,,
2024-06-18 00:00:00,3016.0,1787.0,36381.0,130.0,,,
2024-06-19 00:00:00,2913.0,1716.0,36381.0,171.0,-4.0,,
2024-06-20 00:00:00,2627.0,1542.0,37336.0,166.0,-3.0,,
2024-06-21 00:00:00,2574.0,1496.0,37476.0,91.0,-3.0,,
2024-06-22 00:00:00,2783.0,1871.0,37694.0,141.0,-3.0,,
2024-06-23 00:00:00,2605.0,1813.0,37928.0,86.0,,,
2024-06-24 00:00:00,2143.0,1264.0,38112.0,147.0,-3.0,,
2024-06-25 00:00:00,2038.0,1190.0,38327.0,126.0,-2.0,,
2024-06-26 00:00:00,1941.0,1138.0,38535.0,40.0,,,
2024-06-27 00:00:00,1845.0,1095.0,38721.0,80.0,-5.0,,
2024-06-28 00:00:00,1877.0,1129.0,38987.0,128.0,-1.0,,
2024-06-29 00:00:00,2199.0,1441.0,39276.0,78.0,-1.0,,
2024-06-30 00:00:00,2148.0,1475.0,39555.0,106.0,-5.0,,
2024-07-01 00:00:00,1828.0,1086.0,39825.0,141.0,-3.0,,
2024-07-02 00:00:00,1728.0,1037.0,40066.0,68.0,-4.0,,
2024-07-03 00:00:00,1665.0,1001.0,40263.0,72.0,-6.0,,
2024-07-04 00:00:00,1514.0,929.0,40494.0,45.0,-2.0,,
2024-07-05 00:00:00,1600.0,966.0,40711.0,79.0,-2.0,,
2024-07-06 00:00:00,1831.0,1221.0,40887.0,74.0,-5.0,,
2024-07-07 00:00:00,1724.0,1199.0,41114.0,95.0,-4.0,,
2024-07-08 00:00:00,1340.0,873.0,41286.0,57.0,-2.0,,
2024-07-09 00:00:00,1338.0,839.0,41444.0,51.0,-1.0,,
2024-07-10 00:00:00,1348.0,816.0,41637.0,59.0,,,
2024-07-11 00:00:00,1278.0,785.0,41822.0,88.0,-2.0,,
2024-07-12 00:00:00,1405.0,854.0,41994.0,171.0,-3.0,,
2024-07-13 00:00:00,1645.0,1091.0,42247.0,105.0,-2.0,,
2024-07-14 00:00:00,1567.0,1143.0,42538.0,133.0,-5.0,,
2024-07-15 00:00:00,1294.0,887.0,42761.0,184.0,-3.0,,
2024-07-16 00:00:00,1319.0,883.0,42947.0,24.0,-2.0,,
2024-07-17 00:00:00,1297.0,866.0,43162.0,95.0,-3.0,,
2024-07-18 00:00:00,1241.0,837.0,43386.0,67.0,,,
2024-07-19 00:00:00,1359.0,886.0,43611.0,56.0,-1.0,,
2024-07-20 00:00:00,1585.0,1150.0,43821.0,53.0,-2.0,,
2024-07-21 00:00:00,1693.0,1232.0,44023.0,94.0,-4.0,,
2024-07-22 00:00:00,1385.0,936.0,44209.0,94.0,-3.0,,
2024-07-23 00:00:00,1524.0,970.0,44391.0,60.0,-1.0,,
2024-07-24 00:00:00,1652.0,1146.0,44571.0,82.0,-4.0,,
2024-07-25 00:00:00,1552.0,1108.0,44776.0,69.0,-5.0,,
2024-07-26 00:00:00,1436.0,969.0,44975.0,66.0,-7.0,,
2024-07-27 00:00:00,1587.0,1142.0,45179.0,72.0,-6.0,,
2024-07-28 00:00:00,1656.0,1211.0,45372.0,40.0,-2.0,,
2024-07-29 00:00:00,1314.0,937.0,45556.0,97.0,-9.0,,
2024-07-30 00:00:00,1360.0,940.0,45700.0,39.0,-1.0,,
2024-07-31 00:00:00,1276.0,900.0,45849.0,89.0,-2.0,,
2024-08-01 00:00:00,1201.0,867.0,46013.0,58.0,-3.0,,
2024-08-02 00:00:00,1281.0,900.0,46126.0,43.0,,,
2024-08-03 00:00:00,1506.0,1112.0,46272.0,47.0,-1.0,,
2024-08-04 00:00:00,1480.0,1165.0,46430.0,59.0,-3.0,,
2024-08-05 00:00:00,1241.0,920.0,46586.0,79.0,-3.0,,
2024-08-06 00:00:00,1231.0,887.0,46762.0,43.0,-1.0,,
2024-08-07 00:00:00,1225.0,868.0,46884.0,65.0,-2.0,,
2024-08-08 00:00:00,1199.0,832.0,47004.0,63.0,-5.0,,
2024-08-09 00:00:00,1270.0,880.0,47145.0,52.0,-2.0,,
2024-08-10 00:00:00,1404.0,1055.0,47248.0,71.0,,,
2024-08-11 00:00:00,1447.0,1115.0,47353.0,43.0,-3.0,,
2024-08-12 00:00:00,1158.0,847.0,47497.0,44.0,,,
2024-08-13 00:00:00,1096.0,792.0,47621.0,59.0,,,
2024-08-14 00:00:00,1056.0,772.0,47724.0,60.0,-6.0,,
2024-08-15 00:00:00,1062.0,788.0,47840.0,41.0,-1.0,,
2024-08-16 00:00:00,1099.0,777.0,47947.0,31.0,-3.0,,
2024-08-17 00:00:00,1320.0,941.0,48074.0,48.0,-2.0,,
2024-08-18 00:00:00,1301.0,980.0,48177.0,51.0,-4.0,,
2024-08-19 00:00:00,959.0,730.0,48277.0,50.0,-2.0,,
2024-08-20 00:00:00,874.0,644.0,48383.0,27.0,,,
2024-08-21 00:00:00,902.0,641.0,48484.0,37.0,-2.0,,
2024-08-22 00:00:00,863.0,617.0,48570.0,44.0,,,
2024-08-23 00:00:00,912.0,612.0,48685.0,31.0,-2.0,,
2024-08-24 00:00:00,1040.0,778.0,48779.0,44.0,-1.0,,
2024-08-25 00:00:00,1103.0,799.0,48922.0,56.0,,,
2024-08-26 00:00:00,855.0,616.0,49045.0,25.0,-2.0,,
2024-08-27 00:00:00,827.0,581.0,49143.0,39.0,,,
2024-08-28 00:00:00,788.0,563.0,49232.0,36.0,-1.0,,
2024-08-29 00:00:00,757.0,540.0,49331.0,34.0,,,
2024-08-30 00:00:00,819.0,576.0,49423.0,30.0,,,
2024-08-31 00:00:00,1013.0,696.0,49522.0,26.0,,,
2024-09-01 00:00:00,971.0,733.0,49659.0,37.0,-1.0,,
2024-09-02 00:00:00,1069.0,720.0,49785.0,54.0,-1.0,,
2024-09-02 17:24:35,,,,,,"71,19","71,19"
2024-09-03 00:00:00,1846.0,1252.0,51390.0,62.0,-6.0,,
2024-09-04 00:00:00,2270.0,1549.0,52883.0,71.0,-14.0,,
2024-09-05 00:00:00,2543.0,1710.0,53929.0,63.0,-13.0,,
2024-09-06 00:00:00,2640.0,1864.0,54382.0,36.0,-7.0,,
2024-09-07 00:00:00,3201.0,2354.0,54622.0,121.0,-7.0,,
2024-09-08 00:00:00,3393.0,2546.0,54887.0,50.0,-11.0,,
2024-09-09 00:00:00,2795.0,1876.0,55139.0,139.0,-9.0,,
2024-09-09 17:23:56,,,,,,"88,99","71,19"
2024-09-10 00:00:00,2499.0,1640.0,55340.0,110.0,-8.0,,
2024-09-11 00:00:00,2358.0,1516.0,55466.0,88.0,-5.0,,
2024-09-12 00:00:00,2065.0,1391.0,55600.0,74.0,-2.0,,
2024-09-13 00:00:00,2099.0,1405.0,55732.0,61.0,-6.0,,
2024-09-14 00:00:00,2339.0,1700.0,55857.0,107.0,-6.0,,
2024-09-15 00:00:00,2307.0,1716.0,55985.0,41.0,-3.0,,
2024-09-16 00:00:00,1754.0,1290.0,56113.0,135.0,-7.0,,
2024-09-17 00:00:00,1640.0,1207.0,56229.0,36.0,-2.0,,
2024-09-18 00:00:00,1571.0,1029.0,56323.0,116.0,-8.0,,
2024-09-19 00:00:00,1537.0,944.0,56414.0,63.0,-3.0,,
2024-09-20 00:00:00,1467.0,953.0,56480.0,68.0,-4.0,,
2024-09-21 00:00:00,1769.0,1243.0,56575.0,22.0,,,
2024-09-22 00:00:00,1855.0,1367.0,56792.0,113.0,-10.0,,
2024-09-23 00:00:00,1353.0,1026.0,57012.0,88.0,-9.0,,
2024-09-24 00:00:00,1292.0,935.0,57170.0,46.0,,,
2024-09-25 00:00:00,1216.0,878.0,57303.0,75.0,-3.0,,
2024-09-26 00:00:00,1159.0,862.0,57409.0,42.0,-2.0,,
2024-09-27 00:00:00,1320.0,955.0,57568.0,65.0,-4.0,,
2024-09-28 00:00:00,1692.0,1284.0,57766.0,48.0,-1.0,,
2024-09-29 00:00:00,1771.0,1394.0,57928.0,86.0,-3.0,,
2024-09-30 00:00:00,1342.0,1045.0,58079.0,73.0,-3.0,,
2024-10-01 00:00:00,1253.0,1026.0,58207.0,39.0,-3.0,,
2024-10-02 00:00:00,1353.0,1091.0,58315.0,65.0,-1.0,,
2024-10-03 00:00:00,1290.0,1086.0,58468.0,57.0,-1.0,,
2024-10-04 00:00:00,1265.0,1000.0,58583.0,56.0,-1.0,,
2024-10-05 00:00:00,1627.0,1247.0,58683.0,43.0,-2.0,,
2024-10-06 00:00:00,1601.0,1273.0,58820.0,77.0,-3.0,,
2024-10-07 00:00:00,1199.0,919.0,58908.0,56.0,-3.0,,
2024-10-08 00:00:00,1041.0,818.0,59023.0,44.0,-2.0,,
2024-10-09 00:00:00,1016.0,778.0,59102.0,30.0,-5.0,,
2024-10-10 00:00:00,979.0,779.0,59180.0,26.0,-2.0,,
2024-10-11 00:00:00,1014.0,764.0,59250.0,59.0,-2.0,,
2024-10-12 00:00:00,1193.0,928.0,59326.0,30.0,-1.0,,
2024-10-13 00:00:00,1202.0,944.0,59410.0,41.0,-2.0,,
2024-10-14 00:00:00,971.0,727.0,59484.0,64.0,-4.0,,
2024-10-15 00:00:00,797.0,632.0,59555.0,39.0,-4.0,,
2024-10-16 00:00:00,757.0,602.0,59626.0,48.0,,,
2024-10-17 00:00:00,701.0,559.0,59691.0,33.0,,,
2024-10-18 00:00:00,789.0,601.0,59734.0,35.0,,,
2024-10-19 00:00:00,1024.0,783.0,59790.0,18.0,-1.0,,
2024-10-20 00:00:00,947.0,775.0,59855.0,37.0,-4.0,,
2024-10-21 00:00:00,690.0,554.0,59902.0,43.0,-1.0,,
2024-10-22 00:00:00,661.0,535.0,59955.0,39.0,-1.0,,
2024-10-23 00:00:00,665.0,518.0,60020.0,36.0,,,
2024-10-24 00:00:00,658.0,512.0,60071.0,35.0,-1.0,,
2024-10-25 00:00:00,710.0,528.0,60126.0,23.0,-2.0,,
2024-10-26 00:00:00,869.0,658.0,60169.0,10.0,,,
2024-10-27 00:00:00,860.0,693.0,60227.0,35.0,-2.0,,
2024-10-28 00:00:00,700.0,542.0,60275.0,61.0,-5.0,,
2024-10-28 17:24:17,,,,,,"71,19","71,19"
2024-10-29 00:00:00,957.0,701.0,60442.0,36.0,-4.0,,
2024-10-30 00:00:00,1065.0,815.0,60612.0,37.0,-7.0,,
2024-10-31 00:00:00,1139.0,923.0,60737.0,37.0,-3.0,,
2024-11-01 00:00:00,1298.0,949.0,60831.0,60.0,-2.0,,
2024-11-02 00:00:00,1501.0,1189.0,60942.0,32.0,-4.0,,
2024-11-03 00:00:00,1635.0,1312.0,61037.0,53.0,-2.0,,
2024-11-04 00:00:00,1353.0,1071.0,61108.0,66.0,-2.0,,
2024-11-04 18:24:01,,,,,,"88,99","71,19"
2024-11-05 00:00:00,1168.0,962.0,61190.0,49.0,-1.0,,
2024-11-06 00:00:00,1064.0,859.0,61240.0,45.0,-7.0,,
2024-11-07 00:00:00,991.0,821.0,61288.0,46.0,-2.0,,
2024-11-08 00:00:00,995.0,827.0,61337.0,23.0,-1.0,,
2024-11-09 00:00:00,1293.0,1035.0,61393.0,47.0,-7.0,,
2024-11-10 00:00:00,1204.0,1025.0,61436.0,46.0,-3.0,,
2024-11-11 00:00:00,974.0,758.0,61477.0,57.0,-6.0,,
2024-11-12 00:00:00,827.0,662.0,61524.0,34.0,-2.0,,
2024-11-13 00:00:00,750.0,614.0,61570.0,36.0,-4.0,,
2024-11-14 00:00:00,710.0,602.0,61627.0,23.0,,,
2024-11-15 00:00:00,793.0,636.0,61678.0,45.0,,,
2024-11-16 00:00:00,1008.0,796.0,61748.0,33.0,,,
2024-11-17 00:00:00,987.0,816.0,61815.0,52.0,-4.0,,
2024-11-18 00:00:00,724.0,591.0,61861.0,68.0,,,
2024-11-19 00:00:00,662.0,560.0,61974.0,31.0,-2.0,,
2024-11-20 00:00:00,665.0,563.0,62061.0,50.0,,,
2024-11-21 00:00:00,643.0,527.0,62125.0,36.0,-1.0,,
2024-11-22 00:00:00,728.0,561.0,62164.0,23.0,,,
2024-11-23 00:00:00,852.0,703.0,62224.0,32.0,-3.0,,
2024-11-24 00:00:00,893.0,742.0,62296.0,50.0,-4.0,,
2024-11-25 00:00:00,678.0,555.0,62357.0,34.0,-3.0,,
2024-11-26 00:00:00,847.0,649.0,62422.0,26.0,-3.0,,
2024-11-27 00:00:00,1050.0,716.0,62541.0,205.0,-7.0,,
2024-11-27 18:31:41,,,,,,"62,29","62,29"
2024-11-28 00:00:00,1482.0,1080.0,62899.0,373.0,,,
2024-11-29 00:00:00,1890.0,1429.0,63287.0,618.0,-8.0,,
2024-11-30 00:00:00,2464.0,1967.0,63559.0,431.0,-4.0,,
2024-12-01 00:00:00,2741.0,2209.0,63838.0,457.0,-18.0,,
2024-12-02 00:00:00,2145.0,1679.0,64034.0,274.0,-7.0,,
2024-12-03 00:00:00,2172.0,1695.0,64212.0,228.0,-1.0,,
2024-12-04 00:00:00,2222.0,1703.0,64401.0,266.0,-3.0,,
2024-12-04 18:32:52,,,,,,"88,99","62,29"
2024-12-05 00:00:00,2088.0,1610.0,64594.0,47.0,-2.0,,
2024-12-06 00:00:00,2105.0,1539.0,64709.0,89.0,-3.0,,
2024-12-07 00:00:00,2309.0,1804.0,64818.0,80.0,-6.0,,
2024-12-08 00:00:00,2145.0,1768.0,64908.0,89.0,,,
2024-12-09 00:00:00,1555.0,1251.0,65061.0,86.0,-6.0,,
2024-12-10 00:00:00,1440.0,1143.0,65162.0,76.0,-3.0,,
2024-12-11 00:00:00,1365.0,1080.0,65258.0,111.0,-1.0,,
2024-12-12 00:00:00,1314.0,1043.0,65335.0,60.0,-4.0,,
2024-12-13 00:00:00,1362.0,1010.0,65414.0,55.0,-1.0,,
2024-12-14 00:00:00,1633.0,1310.0,65499.0,72.0,-6.0,,
2024-12-15 00:00:00,1572.0,1345.0,65589.0,74.0,-3.0,,
2024-12-16 00:00:00,1204.0,959.0,65668.0,97.0,-4.0,,
2024-12-17 00:00:00,1126.0,929.0,65759.0,49.0,-3.0,,
2024-12-18 00:00:00,1071.0,865.0,65828.0,66.0,-6.0,,
2024-12-19 00:00:00,1222.0,866.0,65889.0,60.0,-1.0,,
2024-12-19 20:30:57,,,,,,"62,29","62,29"
2024-12-20 00:00:00,1695.0,1230.0,66153.0,26.0,-4.0,,
2024-12-21 00:00:00,2146.0,1728.0,66444.0,66.0,-4.0,,
2024-12-22 00:00:00,2363.0,1976.0,66685.0,76.0,-5.0,,
2024-12-23 00:00:00,2264.0,1812.0,66900.0,80.0,-4.0,,
2024-12-24 00:00:00,2361.0,1859.0,67103.0,112.0,-10.0,,
2024-12-25 00:00:00,2772.0,2036.0,67275.0,121.0,-10.0,,
2024-12-26 00:00:00,2845.0,2264.0,67458.0,100.0,-7.0,,
2024-12-27 00:00:00,2939.0,2323.0,67609.0,55.0,-4.0,,
2024-12-28 00:00:00,2994.0,2510.0,67757.0,142.0,-8.0,,
2024-12-29 00:00:00,3187.0,2625.0,67897.0,126.0,-1.0,,
2024-12-30 00:00:00,2915.0,2364.0,68057.0,173.0,-11.0,,
2024-12-31 00:00:00,2771.0,2308.0,68178.0,77.0,-1.0,,
2025-01-01 00:00:00,3364.0,2571.0,68317.0,101.0,-7.0,,
2025-01-02 00:00:00,3090.0,2531.0,68505.0,173.0,-7.0,,
2025-01-02 19:01:23,,,,,,"88,99","62,29"
2025-01-03 00:00:00,2908.0,2423.0,68699.0,108.0,-3.0,,
2025-01-04 00:00:00,3004.0,2549.0,68824.0,88.0,-7.0,,
2025-01-05 00:00:00,2971.0,2487.0,68960.0,152.0,-8.0,,
2025-01-06 00:00:00,2377.0,1924.0,69066.0,118.0,-9.0,,
2025-01-07 00:00:00,2022.0,1690.0,69167.0,138.0,-6.0,,
2025-01-08 00:00:00,1904.0,1554.0,69277.0,59.0,-2.0,,
2025-01-09 00:00:00,1856.0,1473.0,69383.0,99.0,-8.0,,
2025-01-10 00:00:00,1853.0,1499.0,69468.0,65.0,-2.0,,
2025-01-11 00:00:00,2151.0,1788.0,69582.0,,,,
2025-01-12 00:00:00,2131.0,1778.0,69670.0,165.0,-13.0,,
2025-01-13 00:00:00,1593.0,1284.0,69760.0,82.0,-3.0,,
2025-01-14 00:00:00,1453.0,1188.0,69836.0,78.0,-5.0,,
2025-01-15 00:00:00,1323.0,1100.0,69913.0,73.0,-3.0,,
2025-01-16 00:00:00,1308.0,1048.0,70003.0,35.0,-3.0,,
2025-01-17 00:00:00,1415.0,1100.0,70100.0,48.0,-1.0,,
2025-01-18 00:00:00,1776.0,1441.0,70179.0,70.0,,,
2025-01-19 00:00:00,1848.0,1489.0,70281.0,69.0,,,
2025-01-20 00:00:00,1586.0,1181.0,70399.0,73.0,-5.0,,
2025-01-21 00:00:00,1280.0,1037.0,70473.0,55.0,-1.0,,
2025-01-22 00:00:00,1220.0,978.0,70523.0,48.0,-2.0,,
2025-01-23 00:00:00,1155.0,919.0,70594.0,56.0,-3.0,,
2025-01-24 00:00:00,1209.0,975.0,70650.0,51.0,,,
2025-01-25 00:00:00,1524.0,1207.0,70723.0,47.0,-2.0,,
2025-01-26 00:00:00,1614.0,1289.0,70799.0,59.0,-5.0,,
2025-01-27 00:00:00,1165.0,999.0,70866.0,64.0,-6.0,,
2025-01-28 00:00:00,1138.0,931.0,70909.0,47.0,-5.0,,
2025-01-29 00:00:00,1097.0,920.0,70978.0,32.0,,,
2025-01-30 00:00:00,1036.0,885.0,71039.0,46.0,-1.0,,
2025-01-31 00:00:00,1099.0,918.0,71128.0,27.0,,,
2025-02-01 00:00:00,1373.0,1097.0,71200.0,44.0,-2.0,,
2025-02-02 00:00:00,1369.0,1141.0,71249.0,54.0,-6.0,,
2025-02-03 00:00:00,1031.0,836.0,71319.0,44.0,-7.0,,
2025-02-04 00:00:00,987.0,782.0,71387.0,42.0,-5.0,,
2025-02-05 00:00:00,919.0,749.0,71449.0,57.0,,,
2025-02-06 00:00:00,915.0,735.0,71525.0,15.0,-1.0,,
2025-02-07 00:00:00,921.0,740.0,71578.0,39.0,-3.0,,
2025-02-08 00:00:00,1238.0,941.0,71616.0,36.0,-4.0,,
2025-02-09 00:00:00,1243.0,1014.0,71675.0,46.0,-4.0,,
2025-02-10 00:00:00,965.0,751.0,71721.0,44.0,-3.0,,
2025-02-11 00:00:00,874.0,720.0,71762.0,43.0,-3.0,,
2025-02-12 00:00:00,834.0,686.0,71819.0,9.0,,,
2025-02-13 00:00:00,848.0,670.0,71863.0,23.0,-2.0,,
2025-02-14 00:00:00,870.0,680.0,71901.0,35.0,,,
2025-02-15 00:00:00,1131.0,855.0,71955.0,33.0,-1.0,,
2025-02-16 00:00:00,1145.0,929.0,71993.0,46.0,-3.0,,
2025-02-17 00:00:00,984.0,740.0,72042.0,42.0,-2.0,,
2025-02-18 00:00:00,786.0,667.0,72082.0,28.0,-2.0,,
2025-02-19 00:00:00,755.0,646.0,72118.0,27.0,-3.0,,
2025-02-20 00:00:00,761.0,631.0,72161.0,41.0,-1.0,,
2025-02-21 00:00:00,823.0,643.0,72200.0,27.0,,,
2025-02-22 00:00:00,1154.0,842.0,72236.0,31.0,-2.0,,
2025-02-23 00:00:00,1068.0,866.0,72288.0,52.0,,,
2025-02-24 00:00:00,774.0,651.0,72333.0,41.0,-3.0,,
2025-02-25 00:00:00,720.0,570.0,72379.0,32.0,-3.0,,
2025-02-26 00:00:00,699.0,552.0,72417.0,27.0,-3.0,,
2025-02-27 00:00:00,694.0,527.0,72464.0,21.0,-2.0,,
2025-02-28 00:00:00,677.0,531.0,72517.0,30.0,-2.0,,
2025-03-01 00:00:00,872.0,675.0,72568.0,27.0,-2.0,,
2025-03-02 00:00:00,877.0,723.0,72609.0,42.0,-5.0,,
2025-03-03 00:00:00,649.0,520.0,72650.0,27.0,-4.0,,
2025-03-04 00:00:00,624.0,493.0,72687.0,28.0,,,
2025-03-05 00:00:00,621.0,477.0,72725.0,28.0,,,
2025-03-06 00:00:00,617.0,467.0,72752.0,16.0,,,
2025-03-07 00:00:00,601.0,469.0,72786.0,24.0,,,
2025-03-08 00:00:00,780.0,607.0,72816.0,27.0,-2.0,,
2025-03-09 00:00:00,789.0,642.0,72855.0,34.0,-1.0,,
2025-03-10 00:00:00,594.0,449.0,72891.0,37.0,-2.0,,
2025-03-11 00:00:00,577.0,429.0,72922.0,16.0,-2.0,,
2025-03-12 00:00:00,558.0,421.0,72961.0,19.0,-2.0,,
2025-03-13 00:00:00,678.0,434.0,72986.0,27.0,-1.0,,
2025-03-13 17:16:22,,,,,,"62,29","62,29"
2025-03-14 00:00:00,1017.0,742.0,73085.0,12.0,-3.0,,
2025-03-15 00:00:00,1592.0,1151.0,73218.0,28.0,-5.0,,
2025-03-16 00:00:00,1872.0,1404.0,73330.0,41.0,-7.0,,
2025-03-17 00:00:00,1455.0,1111.0,73432.0,47.0,-4.0,,
2025-03-18 00:00:00,1444.0,1115.0,73518.0,41.0,-8.0,,
2025-03-19 00:00:00,1538.0,1132.0,73609.0,36.0,-5.0,,
2025-03-20 00:00:00,1551.0,1160.0,73704.0,71.0,-4.0,,
2025-03-20 18:01:12,,,,,,"88,99","62,29"
2025-03-21 00:00:00,1595.0,1160.0,73757.0,23.0,-4.0,,
2025-03-22 00:00:00,1891.0,1436.0,73799.0,48.0,-10.0,,
2025-03-23 00:00:00,1811.0,1397.0,73840.0,72.0,-3.0,,
2025-03-24 00:00:00,1280.0,977.0,73872.0,52.0,-6.0,,
2025-03-25 00:00:00,1163.0,887.0,73902.0,58.0,-4.0,,
2025-03-26 00:00:00,1117.0,820.0,73928.0,70.0,-4.0,,
2025-03-27 00:00:00,990.0,753.0,73973.0,24.0,-2.0,,
2025-03-28 00:00:00,1023.0,784.0,74015.0,47.0,,,
2025-03-29 00:00:00,1307.0,1002.0,74075.0,45.0,-4.0,,
2025-03-30 00:00:00,1358.0,1044.0,74120.0,48.0,-2.0,,
2025-03-31 00:00:00,940.0,728.0,74158.0,52.0,-6.0,,
2025-04-01 00:00:00,889.0,676.0,74194.0,24.0,-1.0,,
2025-04-02 00:00:00,811.0,646.0,74210.0,25.0,-1.0,,
2025-04-03 00:00:00,856.0,662.0,74252.0,38.0,-2.0,,
2025-04-04 00:00:00,859.0,673.0,74290.0,38.0,-1.0,,
2025-04-05 00:00:00,1108.0,823.0,74327.0,30.0,,,
2025-04-06 00:00:00,1108.0,866.0,74362.0,37.0,-2.0,,
2025-04-07 00:00:00,812.0,632.0,74414.0,38.0,,,
2025-04-08 00:00:00,795.0,602.0,74460.0,33.0,-1.0,,
2025-04-09 00:00:00,719.0,566.0,74494.0,17.0,,,
2025-04-10 00:00:00,602.0,587.0,74519.0,36.0,-1.0,,
2025-04-10 01:00:00,607.0,587.0,,,,,
2025-04-10 02:00:00,613.0,586.0,,,,,
2025-04-10 03:00:00,567.0,585.0,,,,,
2025-04-10 04:00:00,509.0,585.0,,,,,
2025-04-10 05:00:00,457.0,585.0,,,,,
2025-04-10 06:00:00,420.0,585.0,,,,,
2025-04-10 07:00:00,393.0,586.0,,,,,
2025-04-10 08:00:00,380.0,585.0,,,,,
2025-04-10 09:00:00,380.0,585.0,,,,,
2025-04-10 10:00:00,430.0,586.0,,,,,
2025-04-10 11:00:00,487.0,586.0,,,,,
2025-04-10 12:00:00,592.0,589.0,,,,,
2025-04-10 13:00:00,684.0,592.0,,,,,
2025-04-10 14:00:00,766.0,595.0,,,,,
2025-04-10 15:00:00,777.0,596.0,,,,,
2025-04-10 16:00:00,719.0,596.0,,,,,
2025-04-10 17:00:00,722.0,600.0,,,,,
2025-04-10 18:00:00,744.0,601.0,,,,,
2025-04-10 19:00:00,720.0,601.0,,,,,
2025-04-10 20:00:00,682.0,601.0,,,,,
2025-04-10 21:00:00,647.0,603.0,,,,,
2025-04-10 22:00:00,605.0,606.0,,,,,
2025-04-10 23:00:00,582.0,607.0,,,,,
2025-04-11 00:00:00,599.0,608.0,74536.0,31.0,,,
2025-04-11 01:00:00,586.0,609.0,,,,,
2025-04-11 02:00:00,588.0,611.0,,,,,
2025-04-11 03:00:00,567.0,616.0,,,,,
2025-04-11 04:00:00,518.0,622.0,,,,,
2025-04-11 05:00:00,468.0,628.0,,,,,
2025-04-11 06:00:00,437.0,636.0,,,,,
2025-04-11 07:00:00,384.0,645.0,,,,,
2025-04-11 08:00:00,373.0,656.0,,,,,
2025-04-11 09:00:00,411.0,669.0,,,,,
2025-04-11 10:00:00,453.0,681.0,,,,,
2025-04-11 11:00:00,555.0,692.0,,,,,
2025-04-11 12:00:00,645.0,702.0,,,,,
2025-04-11 13:00:00,760.0,709.0,,,,,
2025-04-11 14:00:00,778.0,716.0,,,,,
2025-04-11 15:00:00,793.0,725.0,,,,,
2025-04-11 16:00:00,805.0,733.0,,,,,
2025-04-11 17:00:00,753.0,741.0,,,,,
2025-04-11 18:00:00,738.0,749.0,,,,,
2025-04-11 19:00:00,714.0,757.0,,,,,
2025-04-11 20:00:00,719.0,765.0,,,,,
2025-04-11 21:00:00,716.0,773.0,,,,,
2025-04-11 22:00:00,647.0,780.0,,,,,
2025-04-11 23:00:00,609.0,785.0,,,,,
2025-04-12 00:00:00,609.0,791.0,74573.0,34.0,-2.0,,
2025-04-12 01:00:00,657.0,797.0,,,,,
2025-04-12 02:00:00,701.0,798.0,,,,,
2025-04-12 03:00:00,720.0,800.0,,,,,
2025-04-12 04:00:00,672.0,801.0,,,,,
2025-04-12 05:00:00,677.0,804.0,,,,,
2025-04-12 06:00:00,652.0,805.0,,,,,
2025-04-12 07:00:00,664.0,807.0,,,,,
2025-04-12 08:00:00,698.0,810.0,,,,,
2025-04-12 09:00:00,714.0,813.0,,,,,
2025-04-12 10:00:00,735.0,815.0,,,,,
2025-04-12 11:00:00,794.0,816.0,,,,,
2025-04-12 12:00:00,842.0,816.0,,,,,
2025-04-12 13:00:00,941.0,819.0,,,,,
2025-04-12 14:00:00,993.0,821.0,,,,,
2025-04-12 15:00:00,1010.0,823.0,,,,,
2025-04-12 16:00:00,1008.0,823.0,,,,,
2025-04-12 17:00:00,950.0,822.0,,,,,
2025-04-12 18:00:00,947.0,821.0,,,,,
2025-04-12 19:00:00,920.0,821.0,,,,,
2025-04-12 20:00:00,930.0,823.0,,,,,
2025-04-12 21:00:00,893.0,825.0,,,,,
2025-04-12 22:00:00,790.0,825.0,,,,,
2025-04-12 23:00:00,780.0,824.0,,,,,
2025-04-13 00:00:00,748.0,822.0,74607.0,41.0,-2.0,,
2025-04-13 01:00:00,696.0,818.0,,,,,
2025-04-13 02:00:00,744.0,816.0,,,,,
2025-04-13 03:00:00,746.0,811.0,,,,,
2025-04-13 04:00:00,729.0,804.0,,,,,
2025-04-13 05:00:00,703.0,797.0,,,,,
2025-04-13 06:00:00,685.0,788.0,,,,,
2025-04-13 07:00:00,722.0,777.0,,,,,
2025-04-13 08:00:00,739.0,764.0,,,,,
2025-04-13 09:00:00,758.0,750.0,,,,,
2025-04-13 10:00:00,747.0,739.0,,,,,
2025-04-13 11:00:00,787.0,728.0,,,,,
2025-04-13 12:00:00,903.0,719.0,,,,,
2025-04-13 13:00:00,985.0,709.0,,,,,
2025-04-13 14:00:00,1023.0,700.0,,,,,
2025-04-13 15:00:00,998.0,691.0,,,,,
2025-04-13 16:00:00,958.0,682.0,,,,,
2025-04-13 17:00:00,904.0,673.0,,,,,
2025-04-13 18:00:00,931.0,666.0,,,,,
2025-04-13 19:00:00,959.0,658.0,,,,,
2025-04-13 20:00:00,952.0,650.0,,,,,
2025-04-13 21:00:00,877.0,642.0,,,,,
2025-04-13 22:00:00,763.0,637.0,,,,,
2025-04-13 23:00:00,703.0,631.0,,,,,
2025-04-14 00:00:00,645.0,627.0,74643.0,25.0,-1.0,,
2025-04-14 01:00:00,635.0,624.0,,,,,
2025-04-14 02:00:00,616.0,621.0,,,,,
2025-04-14 03:00:00,551.0,619.0,,,,,
2025-04-14 04:00:00,517.0,619.0,,,,,
2025-04-14 05:00:00,463.0,617.0,,,,,
2025-04-14 06:00:00,384.0,615.0,,,,,
2025-04-14 07:00:00,357.0,614.0,,,,,
2025-04-14 08:00:00,373.0,612.0,,,,,
2025-04-14 09:00:00,437.0,611.0,,,,,
2025-04-14 10:00:00,467.0,608.0,,,,,
2025-04-14 11:00:00,516.0,605.0,,,,,
2025-04-14 12:00:00,635.0,605.0,,,,,
2025-04-14 13:00:00,729.0,603.0,,,,,
2025-04-14 14:00:00,768.0,602.0,,,,,
2025-04-14 15:00:00,750.0,600.0,,,,,
2025-04-14 16:00:00,716.0,598.0,,,,,
2025-04-14 17:00:00,704.0,596.0,,,,,
2025-04-14 18:00:00,707.0,595.0,,,,,
2025-04-14 19:00:00,726.0,594.0,,,,,
2025-04-14 20:00:00,731.0,592.0,,,,,
2025-04-14 21:00:00,729.0,591.0,,,,,
2025-04-14 22:00:00,611.0,588.0,,,,,
2025-04-14 23:00:00,579.0,587.0,,,,,
2025-04-15 00:00:00,577.0,585.0,74676.0,27.0,-1.0,,
2025-04-15 01:00:00,571.0,584.0,,,,,
2025-04-15 02:00:00,578.0,584.0,,,,,
2025-04-15 03:00:00,562.0,584.0,,,,,
2025-04-15 04:00:00,498.0,583.0,,,,,
2025-04-15 05:00:00,455.0,583.0,,,,,
2025-04-15 06:00:00,398.0,583.0,,,,,
2025-04-15 07:00:00,373.0,583.0,,,,,
2025-04-15 08:00:00,387.0,583.0,,,,,
2025-04-15 09:00:00,396.0,582.0,,,,,
2025-04-15 10:00:00,431.0,583.0,,,,,
2025-04-15 11:00:00,530.0,583.0,,,,,
2025-04-15 12:00:00,645.0,584.0,,,,,
2025-04-15 13:00:00,731.0,582.0,,,,,
2025-04-15 14:00:00,758.0,580.0,,,,,
2025-04-15 15:00:00,733.0,579.0,,,,,
2025-04-15 16:00:00,695.0,578.0,,,,,
2025-04-15 17:00:00,711.0,578.0,,,,,
2025-04-15 18:00:00,708.0,576.0,,,,,
2025-04-15 19:00:00,716.0,574.0,,,,,
2025-04-15 20:00:00,724.0,573.0,,,,,
2025-04-15 21:00:00,676.0,571.0,,,,,
2025-04-15 22:00:00,597.0,569.0,,,,,
2025-04-15 23:00:00,541.0,568.0,,,,,
2025-04-16 00:00:00,549.0,568.0,74705.0,26.0,-1.0,,
2025-04-16 01:00:00,588.0,570.0,,,,,
2025-04-16 02:00:00,575.0,570.0,,,,,
2025-04-16 03:00:00,552.0,570.0,,,,,
2025-04-16 04:00:00,494.0,570.0,,,,,
2025-04-16 05:00:00,435.0,571.0,,,,,
2025-04-16 06:00:00,392.0,571.0,,,,,
2025-04-16 07:00:00,375.0,572.0,,,,,
2025-04-16 08:00:00,382.0,572.0,,,,,
2025-04-16 09:00:00,416.0,574.0,,,,,
2025-04-16 10:00:00,450.0,574.0,,,,,
2025-04-16 11:00:00,537.0,574.0,,,,,
2025-04-16 12:00:00,589.0,572.0,,,,,
2025-04-16 13:00:00,680.0,573.0,,,,,
2025-04-16 14:00:00,720.0,573.0,,,,,
2025-04-16 15:00:00,721.0,575.0,,,,,
2025-04-16 16:00:00,680.0,576.0,,,,,
2025-04-16 17:00:00,662.0,577.0,,,,,
2025-04-16 18:00:00,655.0,578.0,,,,,
2025-04-16 19:00:00,674.0,579.0,,,,,
2025-04-16 20:00:00,671.0,579.0,,,,,
2025-04-16 21:00:00,626.0,579.0,,,,,
2025-04-16 22:00:00,574.0,580.0,,,,,
2025-04-16 23:00:00,563.0,581.0,,,,,
2025-04-17 00:00:00,584.0,582.0,74732.0,26.0,-2.0,,
2025-04-17 01:00:00,590.0,583.0,,,,,
2025-04-17 02:00:00,581.0,584.0,,,,,
2025-04-17 03:00:00,552.0,585.0,,,,,
2025-04-17 04:00:00,526.0,587.0,,,,,
2025-04-17 05:00:00,449.0,588.0,,,,,
2025-04-17 06:00:00,407.0,591.0,,,,,
2025-04-17 07:00:00,395.0,593.0,,,,,
2025-04-17 08:00:00,415.0,594.0,,,,,
2025-04-17 09:00:00,417.0,596.0,,,,,
2025-04-17 10:00:00,441.0,598.0,,,,,
2025-04-17 11:00:00,516.0,599.0,,,,,
2025-04-17 12:00:00,619.0,601.0,,,,,
2025-04-17 13:00:00,697.0,602.0,,,,,
2025-04-17 14:00:00,766.0,604.0,,,,,
2025-04-17 15:00:00,769.0,607.0,,,,,
2025-04-17 16:00:00,714.0,612.0,,,,,
2025-04-17 17:00:00,704.0,619.0,,,,,
2025-04-17 18:00:00,704.0,625.0,,,,,
2025-04-17 19:00:00,687.0,630.0,,,,,
2025-04-17 20:00:00,683.0,635.0,,,,,
2025-04-17 21:00:00,663.0,639.0,,,,,
2025-04-17 22:00:00,611.0,643.0,,,,,
2025-04-17 23:00:00,585.0,645.0,,,,,
2025-04-18 00:00:00,616.0,647.0,74761.0,16.0,-3.0,,
2025-04-18 01:00:00,624.0,648.0,,,,,
2025-04-18 02:00:00,616.0,648.0,,,,,
2025-04-18 03:00:00,599.0,650.0,,,,,
2025-04-18 04:00:00,567.0,651.0,,,,,
2025-04-18 05:00:00,531.0,655.0,,,,,
2025-04-18 06:00:00,456.0,658.0,,,,,
2025-04-18 07:00:00,428.0,662.0,,,,,
2025-04-18 08:00:00,466.0,667.0,,,,,
2025-04-18 09:00:00,493.0,671.0,,,,,
2025-04-18 10:00:00,497.0,676.0,,,,,
2025-04-18 11:00:00,545.0,680.0,,,,,
2025-04-18 12:00:00,645.0,683.0,,,,,
2025-04-18 13:00:00,759.0,687.0,,,,,
2025-04-18 14:00:00,852.0,690.0,,,,,
2025-04-18 15:00:00,921.0,694.0,,,,,
2025-04-18 16:00:00,918.0,697.0,,,,,
2025-04-18 17:00:00,888.0,699.0,,,,,
2025-04-18 18:00:00,856.0,701.0,,,,,
2025-04-18 19:00:00,858.0,703.0,,,,,
2025-04-18 20:00:00,797.0,703.0,,,,,
2025-04-18 21:00:00,777.0,705.0,,,,,
2025-04-18 22:00:00,682.0,705.0,,,,,
2025-04-18 23:00:00,632.0,708.0,,,,,
2025-04-19 00:00:00,633.0,710.0,74801.0,35.0,-4.0,,
2025-04-19 01:00:00,638.0,710.0,,,,,
2025-04-19 02:00:00,648.0,710.0,,,,,
2025-04-19 03:00:00,644.0,712.0,,,,,
2025-04-19 04:00:00,658.0,715.0,,,,,
2025-04-19 05:00:00,599.0,717.0,,,,,
2025-04-19 06:00:00,590.0,720.0,,,,,
2025-04-19 07:00:00,570.0,723.0,,,,,
2025-04-19 08:00:00,592.0,727.0,,,,,
2025-04-19 09:00:00,627.0,730.0,,,,,
2025-04-19 10:00:00,638.0,733.0,,,,,
2025-04-19 11:00:00,636.0,734.0,,,,,
2025-04-19 12:00:00,740.0,736.0,,,,,
2025-04-19 13:00:00,846.0,738.0,,,,,
2025-04-19 14:00:00,925.0,739.0,,,,,
2025-04-19 15:00:00,947.0,738.0,,,,,
2025-04-19 16:00:00,933.0,737.0,,,,,
2025-04-19 17:00:00,881.0,735.0,,,,,
2025-04-19 18:00:00,861.0,734.0,,,,,
2025-04-19 19:00:00,819.0,733.0,,,,,
2025-04-19 20:00:00,802.0,734.0,,,,,
2025-04-19 21:00:00,769.0,734.0,,,,,
2025-04-19 22:00:00,747.0,736.0,,,,,
2025-04-19 23:00:00,709.0,739.0,,,,,
2025-04-20 00:00:00,631.0,738.0,74847.0,33.0,-4.0,,
2025-04-20 01:00:00,631.0,741.0,,,,,
2025-04-20 02:00:00,695.0,742.0,,,,,
2025-04-20 03:00:00,721.0,741.0,,,,,
2025-04-20 04:00:00,702.0,738.0,,,,,
2025-04-20 05:00:00,626.0,734.0,,,,,
2025-04-20 06:00:00,632.0,730.0,,,,,
2025-04-20 07:00:00,665.0,724.0,,,,,
2025-04-20 08:00:00,657.0,718.0,,,,,
2025-04-20 09:00:00,640.0,711.0,,,,,
2025-04-20 10:00:00,638.0,706.0,,,,,
2025-04-20 11:00:00,686.0,704.0,,,,,
2025-04-20 12:00:00,748.0,701.0,,,,,
2025-04-20 13:00:00,851.0,699.0,,,,,
2025-04-20 14:00:00,908.0,698.0,,,,,
2025-04-20 15:00:00,903.0,696.0,,,,,
2025-04-20 16:00:00,863.0,694.0,,,,,
2025-04-20 17:00:00,842.0,693.0,,,,,
2025-04-20 18:00:00,847.0,691.0,,,,,
2025-04-20 19:00:00,830.0,690.0,,,,,
2025-04-20 20:00:00,823.0,689.0,,,,,
2025-04-20 21:00:00,816.0,689.0,,,,,
2025-04-20 22:00:00,792.0,685.0,,,,,
2025-04-20 23:00:00,706.0,681.0,,,,,
2025-04-21 00:00:00,710.0,679.0,74888.0,44.0,-1.0,,
2025-04-21 01:00:00,645.0,676.0,,,,,
2025-04-21 02:00:00,635.0,673.0,,,,,
2025-04-21 03:00:00,592.0,670.0,,,,,
2025-04-21 04:00:00,536.0,668.0,,,,,
2025-04-21 05:00:00,457.0,663.0,,,,,
2025-04-21 06:00:00,403.0,658.0,,,,,
2025-04-21 07:00:00,389.0,652.0,,,,,
2025-04-21 08:00:00,404.0,647.0,,,,,
2025-04-21 09:00:00,465.0,642.0,,,,,
2025-04-21 10:00:00,529.0,638.0,,,,,
2025-04-21 11:00:00,570.0,633.0,,,,,
2025-04-21 12:00:00,682.0,628.0,,,,,
2025-04-21 13:00:00,788.0,624.0,,,,,
2025-04-21 14:00:00,864.0,619.0,,,,,
2025-04-21 15:00:00,856.0,613.0,,,,,
2025-04-21 16:00:00,846.0,607.0,,,,,
2025-04-21 17:00:00,790.0,602.0,,,,,
2025-04-21 18:00:00,791.0,599.0,,,,,
2025-04-21 19:00:00,788.0,596.0,,,,,
2025-04-21 20:00:00,766.0,592.0,,,,,
2025-04-21 21:00:00,675.0,587.0,,,,,
2025-04-21 22:00:00,631.0,584.0,,,,,
2025-04-21 23:00:00,588.0,581.0,,,,,
2025-04-22 00:00:00,568.0,577.0,74951.0,37.0,,,
2025-04-22 01:00:00,568.0,574.0,,,,,
2025-04-22 02:00:00,591.0,573.0,,,,,
2025-04-22 03:00:00,584.0,572.0,,,,,
2025-04-22 04:00:00,449.0,569.0,,,,,
2025-04-22 05:00:00,396.0,568.0,,,,,
2025-04-22 06:00:00,352.0,568.0,,,,,
2025-04-22 07:00:00,321.0,567.0,,,,,
2025-04-22 08:00:00,329.0,567.0,,,,,
2025-04-22 09:00:00,367.0,566.0,,,,,
2025-04-22 10:00:00,380.0,564.0,,,,,
2025-04-22 11:00:00,422.0,563.0,,,,,
2025-04-22 12:00:00,562.0,563.0,,,,,
2025-04-22 13:00:00,634.0,560.0,,,,,
2025-04-22 14:00:00,640.0,556.0,,,,,
2025-04-22 15:00:00,655.0,553.0,,,,,
2025-04-22 16:00:00,672.0,551.0,,,,,
2025-04-22 17:00:00,683.0,549.0,,,,,
2025-04-22 18:00:00,687.0,546.0,,,,,
2025-04-22 19:00:00,677.0,544.0,,,,,
2025-04-22 20:00:00,674.0,542.0,,,,,
2025-04-22 21:00:00,631.0,541.0,,,,,
2025-04-22 22:00:00,578.0,539.0,,,,,
2025-04-22 23:00:00,512.0,537.0,,,,,
2025-04-23 00:00:00,516.0,537.0,74988.0,21.0,,,
2025-04-23 01:00:00,550.0,536.0,,,,,
2025-04-23 02:00:00,532.0,535.0,,,,,
2025-04-23 03:00:00,512.0,534.0,,,,,
2025-04-23 04:00:00,444.0,534.0,,,,,
2025-04-23 05:00:00,424.0,534.0,,,,,
2025-04-23 06:00:00,367.0,534.0,,,,,
2025-04-23 07:00:00,351.0,535.0,,,,,
2025-04-23 08:00:00,369.0,535.0,,,,,
2025-04-23 09:00:00,402.0,535.0,,,,,
2025-04-23 10:00:00,432.0,535.0,,,,,
2025-04-23 11:00:00,471.0,534.0,,,,,
2025-04-23 12:00:00,569.0,535.0,,,,,
2025-04-23 13:00:00,621.0,533.0,,,,,
2025-04-23 14:00:00,663.0,535.0,,,,,
2025-04-23 15:00:00,685.0,536.0,,,,,
2025-04-23 16:00:00,671.0,536.0,,,,,
2025-04-23 17:00:00,640.0,536.0,,,,,
2025-04-23 18:00:00,652.0,535.0,,,,,
2025-04-23 19:00:00,673.0,536.0,,,,,
2025-04-23 20:00:00,643.0,536.0,,,,,
2025-04-23 21:00:00,623.0,535.0,,,,,
2025-04-23 22:00:00,553.0,534.0,,,,,
2025-04-23 23:00:00,515.0,534.0,,,,,
2025-04-24 00:00:00,514.0,534.0,75054.0,41.0,-1.0,,
2025-04-24 01:00:00,546.0,534.0,,,,,
2025-04-24 02:00:00,544.0,534.0,,,,,
2025-04-24 03:00:00,497.0,533.0,,,,,
2025-04-24 04:00:00,442.0,533.0,,,,,
2025-04-24 05:00:00,406.0,534.0,,,,,
2025-04-24 06:00:00,375.0,536.0,,,,,
2025-04-24 07:00:00,319.0,535.0,,,,,
2025-04-24 08:00:00,344.0,535.0,,,,,
2025-04-24 09:00:00,380.0,535.0,,,,,
2025-04-24 10:00:00,363.0,535.0,,,,,
2025-04-24 11:00:00,470.0,537.0,,,,,
2025-04-24 12:00:00,534.0,538.0,,,,,
2025-04-24 13:00:00,655.0,540.0,,,,,
2025-04-24 14:00:00,696.0,540.0,,,,,
2025-04-24 15:00:00,703.0,541.0,,,,,
2025-04-24 16:00:00,680.0,542.0,,,,,
2025-04-24 17:00:00,647.0,543.0,,,,,
2025-04-24 18:00:00,686.0,546.0,,,,,
2025-04-24 19:00:00,673.0,546.0,,,,,
2025-04-24 20:00:00,640.0,547.0,,,,,
2025-04-24 21:00:00,594.0,547.0,,,,,
2025-04-24 22:00:00,552.0,550.0,,,,,
2025-04-24 23:00:00,512.0,551.0,,,,,
2025-04-25 00:00:00,511.0,552.0,75094.0,25.0,,,
2025-04-25 01:00:00,526.0,553.0,,,,,
2025-04-25 02:00:00,523.0,553.0,,,,,
2025-04-25 03:00:00,514.0,555.0,,,,,
2025-04-25 04:00:00,496.0,559.0,,,,,
2025-04-25 05:00:00,474.0,563.0,,,,,
2025-04-25 06:00:00,367.0,565.0,,,,,
2025-04-25 07:00:00,351.0,569.0,,,,,
2025-04-25 08:00:00,365.0,573.0,,,,,
2025-04-25 09:00:00,410.0,579.0,,,,,
2025-04-25 10:00:00,479.0,585.0,,,,,
2025-04-25 11:00:00,543.0,590.0,,,,,
2025-04-25 12:00:00,568.0,593.0,,,,,
2025-04-25 13:00:00,661.0,598.0,,,,,
2025-04-25 14:00:00,696.0,601.0,,,,,
2025-04-25 15:00:00,740.0,605.0,,,,,
2025-04-25 16:00:00,755.0,609.0,,,,,
2025-04-25 17:00:00,735.0,613.0,,,,,
2025-04-25 18:00:00,700.0,615.0,,,,,
2025-04-25 19:00:00,720.0,619.0,,,,,
2025-04-25 20:00:00,685.0,622.0,,,,,
2025-04-25 21:00:00,704.0,627.0,,,,,
2025-04-25 22:00:00,622.0,631.0,,,,,
2025-04-25 23:00:00,567.0,634.0,,,,,
2025-04-26 00:00:00,558.0,636.0,75131.0,32.0,-4.0,,
2025-04-26 01:00:00,579.0,639.0,,,,,
2025-04-26 02:00:00,604.0,642.0,,,,,
2025-04-26 03:00:00,626.0,646.0,,,,,
2025-04-26 04:00:00,631.0,649.0,,,,,
2025-04-26 05:00:00,564.0,651.0,,,,,
2025-04-26 06:00:00,529.0,655.0,,,,,
2025-04-26 07:00:00,563.0,660.0,,,,,
2025-04-26 08:00:00,592.0,664.0,,,,,
2025-04-26 09:00:00,623.0,667.0,,,,,
2025-04-26 10:00:00,616.0,669.0,,,,,
2025-04-26 11:00:00,694.0,672.0,,,,,
2025-04-26 12:00:00,786.0,677.0,,,,,
2025-04-26 13:00:00,811.0,678.0,,,,,
2025-04-26 14:00:00,883.0,683.0,,,,,
2025-04-26 15:00:00,860.0,685.0,,,,,
2025-04-26 16:00:00,850.0,687.0,,,,,
2025-04-26 17:00:00,849.0,690.0,,,,,
2025-04-26 18:00:00,841.0,693.0,,,,,
2025-04-26 19:00:00,833.0,696.0,,,,,
2025-04-26 20:00:00,824.0,700.0,,,,,
2025-04-26 21:00:00,810.0,702.0,,,,,
2025-04-26 22:00:00,729.0,704.0,,,,,
2025-04-26 23:00:00,661.0,706.0,,,,,
2025-04-27 00:00:00,657.0,707.0,75180.0,30.0,,,
2025-04-27 01:00:00,655.0,708.0,,,,,
2025-04-27 02:00:00,661.0,708.0,,,,,
2025-04-27 03:00:00,653.0,706.0,,,,,
2025-04-27 04:00:00,644.0,704.0,,,,,
2025-04-27 05:00:00,604.0,701.0,,,,,
2025-04-27 06:00:00,536.0,698.0,,,,,
2025-04-27 07:00:00,509.0,693.0,,,,,
2025-04-27 08:00:00,531.0,688.0,,,,,
2025-04-27 09:00:00,567.0,684.0,,,,,
2025-04-27 10:00:00,614.0,680.0,,,,,
2025-04-27 11:00:00,665.0,676.0,,,,,
2025-04-27 12:00:00,713.0,670.0,,,,,
2025-04-27 13:00:00,812.0,666.0,,,,,
2025-04-27 14:00:00,868.0,661.0,,,,,
2025-04-27 15:00:00,859.0,657.0,,,,,
2025-04-27 16:00:00,854.0,653.0,,,,,
2025-04-27 17:00:00,843.0,649.0,,,,,
2025-04-27 18:00:00,865.0,646.0,,,,,
2025-04-27 19:00:00,874.0,642.0,,,,,
2025-04-27 20:00:00,834.0,638.0,,,,,
2025-04-27 21:00:00,766.0,634.0,,,,,
2025-04-27 22:00:00,713.0,630.0,,,,,
2025-04-27 23:00:00,616.0,625.0,,,,,
2025-04-28 00:00:00,607.0,622.0,75214.0,21.0,-2.0,,
2025-04-28 01:00:00,571.0,620.0,,,,,
2025-04-28 02:00:00,544.0,617.0,,,,,
2025-04-28 03:00:00,493.0,613.0,,,,,
2025-04-28 04:00:00,458.0,609.0,,,,,
2025-04-28 05:00:00,401.0,604.0,,,,,
2025-04-28 06:00:00,353.0,600.0,,,,,
2025-04-28 07:00:00,316.0,596.0,,,,,
2025-04-28 08:00:00,352.0,592.0,,,,,
2025-04-28 09:00:00,376.0,588.0,,,,,
2025-04-28 10:00:00,410.0,583.0,,,,,
2025-04-28 11:00:00,435.0,577.0,,,,,
2025-04-28 12:00:00,493.0,572.0,,,,,
2025-04-28 13:00:00,540.0,566.0,,,,,
2025-04-28 14:00:00,606.0,560.0,,,,,
2025-04-28 15:00:00,630.0,554.0,,,,,
2025-04-28 16:00:00,611.0,548.0,,,,,
2025-04-28 17:00:00,625.0,542.0,,,,,
2025-04-28 18:00:00,613.0,535.0,,,,,
2025-04-28 19:00:00,620.0,528.0,,,,,
2025-04-28 20:00:00,608.0,523.0,,,,,
2025-04-28 21:00:00,557.0,517.0,,,,,
2025-04-28 22:00:00,507.0,512.0,,,,,
2025-04-28 23:00:00,496.0,508.0,,,,,
2025-04-29 00:00:00,543.0,505.0,75258.0,23.0,-1.0,,
2025-04-29 01:00:00,560.0,503.0,,,,,
2025-04-29 02:00:00,528.0,502.0,,,,,
2025-04-29 03:00:00,511.0,501.0,,,,,
2025-04-29 04:00:00,466.0,501.0,,,,,
2025-04-29 05:00:00,437.0,501.0,,,,,
2025-04-29 06:00:00,353.0,500.0,,,,,
2025-04-29 07:00:00,336.0,501.0,,,,,
2025-04-29 08:00:00,370.0,501.0,,,,,
2025-04-29 09:00:00,400.0,502.0,,,,,
2025-04-29 10:00:00,395.0,501.0,,,,,
2025-04-29 11:00:00,464.0,502.0,,,,,
2025-04-29 12:00:00,508.0,502.0,,,,,
2025-04-29 13:00:00,575.0,502.0,,,,,
2025-04-29 14:00:00,596.0,502.0,,,,,
2025-04-29 15:00:00,613.0,502.0,,,,,
2025-04-29 16:00:00,588.0,501.0,,,,,
2025-04-29 17:00:00,584.0,500.0,,,,,
2025-04-29 18:00:00,587.0,499.0,,,,,
2025-04-29 19:00:00,623.0,499.0,,,,,
2025-04-29 20:00:00,616.0,499.0,,,,,
2025-04-29 21:00:00,537.0,498.0,,,,,
2025-04-29 22:00:00,475.0,497.0,,,,,
2025-04-29 23:00:00,414.0,495.0,,,,,
2025-04-30 00:00:00,442.0,494.0,75294.0,30.0,,,
2025-04-30 01:00:00,472.0,492.0,,,,,
2025-04-30 02:00:00,472.0,492.0,,,,,
2025-04-30 03:00:00,453.0,491.0,,,,,
2025-04-30 04:00:00,431.0,492.0,,,,,
2025-04-30 05:00:00,389.0,491.0,,,,,
2025-04-30 06:00:00,349.0,492.0,,,,,
2025-04-30 07:00:00,320.0,493.0,,,,,
2025-04-30 08:00:00,372.0,495.0,,,,,
2025-04-30 09:00:00,386.0,496.0,,,,,
2025-04-30 10:00:00,391.0,498.0,,,,,
2025-04-30 11:00:00,443.0,499.0,,,,,
2025-04-30 12:00:00,475.0,500.0,,,,,
2025-04-30 13:00:00,548.0,502.0,,,,,
2025-04-30 14:00:00,609.0,504.0,,,,,
2025-04-30 15:00:00,589.0,505.0,,,,,
2025-04-30 16:00:00,592.0,507.0,,,,,
2025-04-30 17:00:00,614.0,509.0,,,,,
2025-04-30 18:00:00,583.0,511.0,,,,,
2025-04-30 19:00:00,562.0,510.0,,,,,
2025-04-30 20:00:00,567.0,511.0,,,,,
2025-04-30 21:00:00,536.0,512.0,,,,,
2025-04-30 22:00:00,520.0,514.0,,,,,
2025-04-30 23:00:00,496.0,517.0,,,,,
2025-05-01 00:00:00,516.0,520.0,75336.0,36.0,-1.0,,
2025-05-01 01:00:00,537.0,522.0,,,,,
2025-05-01 02:00:00,533.0,524.0,,,,,
2025-05-01 03:00:00,549.0,527.0,,,,,
2025-05-01 04:00:00,494.0,529.0,,,,,
2025-05-01 05:00:00,446.0,530.0,,,,,
2025-05-01 06:00:00,435.0,533.0,,,,,
2025-05-01 07:00:00,469.0,537.0,,,,,
2025-05-01 08:00:00,505.0,540.0,,,,,
2025-05-01 09:00:00,533.0,543.0,,,,,
2025-05-01 10:00:00,533.0,546.0,,,,,
2025-05-01 11:00:00,577.0,549.0,,,,,
2025-05-01 12:00:00,635.0,553.0,,,,,
2025-05-01 13:00:00,705.0,557.0,,,,,
2025-05-01 14:00:00,728.0,560.0,,,,,
2025-05-01 15:00:00,747.0,564.0,,,,,
2025-05-01 16:00:00,700.0,566.0,,,,,
2025-05-01 17:00:00,716.0,569.0,,,,,
2025-05-01 18:00:00,707.0,573.0,,,,,
2025-05-01 19:00:00,689.0,576.0,,,,,
2025-05-01 20:00:00,655.0,578.0,,,,,
2025-05-01 21:00:00,617.0,580.0,,,,,
2025-05-01 22:00:00,581.0,582.0,,,,,
2025-05-01 23:00:00,552.0,584.0,,,,,
2025-05-02 00:00:00,551.0,585.0,75386.0,15.0,,,
2025-05-02 01:00:00,571.0,586.0,,,,,
2025-05-02 02:00:00,596.0,587.0,,,,,
2025-05-02 03:00:00,533.0,587.0,,,,,
2025-05-02 04:00:00,501.0,587.0,,,,,
2025-05-02 05:00:00,459.0,588.0,,,,,
2025-05-02 06:00:00,401.0,588.0,,,,,
2025-05-02 07:00:00,412.0,587.0,,,,,
2025-05-02 08:00:00,413.0,586.0,,,,,
2025-05-02 09:00:00,460.0,585.0,,,,,
2025-05-02 10:00:00,493.0,585.0,,,,,
2025-05-02 11:00:00,542.0,585.0,,,,,
2025-05-02 12:00:00,595.0,584.0,,,,,
2025-05-02 13:00:00,654.0,584.0,,,,,
2025-05-02 14:00:00,691.0,584.0,,,,,
2025-05-02 15:00:00,666.0,582.0,,,,,
2025-05-02 16:00:00,703.0,584.0,,,,,
2025-05-02 17:00:00,708.0,585.0,,,,,
2025-05-02 18:00:00,671.0,585.0,,,,,
2025-05-02 19:00:00,627.0,584.0,,,,,
2025-05-02 20:00:00,650.0,586.0,,,,,
2025-05-02 21:00:00,631.0,587.0,,,,,
2025-05-02 22:00:00,600.0,589.0,,,,,
2025-05-02 23:00:00,546.0,589.0,,,,,
2025-05-03 00:00:00,525.0,589.0,75426.0,35.0,-3.0,,
2025-05-03 01:00:00,533.0,588.0,,,,,
2025-05-03 02:00:00,558.0,587.0,,,,,
2025-05-03 03:00:00,568.0,589.0,,,,,
2025-05-03 04:00:00,545.0,591.0,,,,,
2025-05-03 05:00:00,519.0,593.0,,,,,
2025-05-03 06:00:00,513.0,597.0,,,,,
2025-05-03 07:00:00,516.0,600.0,,,,,
2025-05-03 08:00:00,522.0,604.0,,,,,
2025-05-03 09:00:00,549.0,607.0,,,,,
2025-05-03 10:00:00,580.0,610.0,,,,,
2025-05-03 11:00:00,625.0,612.0,,,,,
2025-05-03 12:00:00,699.0,616.0,,,,,
2025-05-03 13:00:00,751.0,619.0,,,,,
2025-05-03 14:00:00,799.0,623.0,,,,,
2025-05-03 15:00:00,803.0,627.0,,,,,
2025-05-03 16:00:00,808.0,631.0,,,,,
2025-05-03 17:00:00,793.0,634.0,,,,,
2025-05-03 17:40:00,779.0,,,,,,
2025-05-03 17:50:00,775.0,,,,,,
2025-05-03 18:00:00,767.0,639.0,,,,,
2025-05-03 18:10:00,770.0,,,,,,
2025-05-03 18:20:00,765.0,,,,,,
2025-05-03 18:30:00,767.0,,,,,,
2025-05-03 18:40:00,786.0,,,,,,
2025-05-03 18:50:00,800.0,,,,,,
2025-05-03 19:00:00,817.0,645.0,,,,,
2025-05-03 19:10:00,801.0,,,,,,
2025-05-03 19:20:00,807.0,,,,,,
2025-05-03 19:30:00,810.0,,,,,,
2025-05-03 19:40:00,797.0,,,,,,
2025-05-03 19:50:00,773.0,,,,,,
2025-05-03 20:00:00,769.0,649.0,,,,,
2025-05-03 20:10:00,744.0,,,,,,
2025-05-03 20:20:00,735.0,,,,,,
2025-05-03 20:30:00,728.0,,,,,,
2025-05-03 20:40:00,718.0,,,,,,
2025-05-03 20:50:00,727.0,,,,,,
2025-05-03 21:00:00,713.0,652.0,,,,,
2025-05-03 21:10:00,702.0,,,,,,
2025-05-03 21:20:00,703.0,,,,,,
2025-05-03 21:30:00,700.0,,,,,,
2025-05-03 21:40:00,677.0,,,,,,
2025-05-03 21:50:00,686.0,,,,,,
2025-05-03 22:00:00,668.0,654.0,,,,,
2025-05-03 22:10:00,655.0,,,,,,
2025-05-03 22:20:00,653.0,,,,,,
2025-05-03 22:30:00,654.0,,,,,,
2025-05-03 22:40:00,652.0,,,,,,
2025-05-03 22:50:00,638.0,,,,,,
2025-05-03 23:00:00,625.0,657.0,,,,,
2025-05-03 23:10:00,616.0,,,,,,
2025-05-03 23:20:00,600.0,,,,,,
2025-05-03 23:30:00,585.0,,,,,,
2025-05-03 23:40:00,576.0,,,,,,
2025-05-03 23:50:00,568.0,,,,,,
2025-05-04 00:00:00,558.0,657.0,75458.0,34.0,-1.0,,
2025-05-04 00:10:00,556.0,,,,,,
2025-05-04 00:20:00,555.0,,,,,,
2025-05-04 00:30:00,557.0,,,,,,
2025-05-04 00:40:00,552.0,,,,,,
2025-05-04 00:50:00,562.0,,,,,,
2025-05-04 01:00:00,540.0,659.0,,,,,
2025-05-04 01:10:00,542.0,,,,,,
2025-05-04 01:20:00,535.0,,,,,,
2025-05-04 01:30:00,534.0,,,,,,
2025-05-04 01:40:00,552.0,,,,,,
2025-05-04 01:50:00,574.0,,,,,,
2025-05-04 02:00:00,587.0,661.0,,,,,
2025-05-04 02:10:00,588.0,,,,,,
2025-05-04 02:20:00,591.0,,,,,,
2025-05-04 02:30:00,604.0,,,,,,
2025-05-04 02:40:00,611.0,,,,,,
2025-05-04 02:50:00,617.0,,,,,,
2025-05-04 03:00:00,630.0,663.0,,,,,
2025-05-04 03:10:00,638.0,,,,,,
2025-05-04 03:20:00,623.0,,,,,,
2025-05-04 03:30:00,624.0,,,,,,
2025-05-04 03:40:00,610.0,,,,,,
2025-05-04 03:50:00,613.0,,,,,,
2025-05-04 04:00:00,598.0,664.0,,,,,
2025-05-04 04:10:00,563.0,,,,,,
2025-05-04 04:20:00,558.0,,,,,,
2025-05-04 04:30:00,549.0,,,,,,
2025-05-04 04:40:00,538.0,,,,,,
2025-05-04 04:50:00,529.0,,,,,,
2025-05-04 05:00:00,541.0,664.0,,,,,
2025-05-04 05:10:00,547.0,,,,,,
2025-05-04 05:20:00,550.0,,,,,,
2025-05-04 05:30:00,540.0,,,,,,
2025-05-04 05:40:00,539.0,,,,,,
2025-05-04 05:50:00,541.0,,,,,,
2025-05-04 06:00:00,525.0,664.0,,,,,
2025-05-04 06:10:00,521.0,,,,,,
2025-05-04 06:20:00,529.0,,,,,,
2025-05-04 06:30:00,527.0,,,,,,
2025-05-04 06:40:00,524.0,,,,,,
2025-05-04 06:50:00,521.0,,,,,,
2025-05-04 07:00:00,528.0,664.0,,,,,
2025-05-04 07:10:00,536.0,,,,,,
2025-05-04 07:20:00,542.0,,,,,,
2025-05-04 07:30:00,532.0,,,,,,
2025-05-04 07:40:00,517.0,,,,,,
2025-05-04 07:50:00,525.0,,,,,,
2025-05-04 08:00:00,520.0,664.0,,,,,
2025-05-04 08:10:00,539.0,,,,,,
2025-05-04 08:20:00,535.0,,,,,,
2025-05-04 08:30:00,552.0,,,,,,
2025-05-04 08:40:00,562.0,,,,,,
2025-05-04 08:50:00,556.0,,,,,,
2025-05-04 09:00:00,543.0,664.0,,,,,
2025-05-04 09:10:00,549.0,,,,,,
2025-05-04 09:20:00,569.0,,,,,,
2025-05-04 09:30:00,576.0,,,,,,
2025-05-04 09:40:00,581.0,,,,,,
2025-05-04 09:50:00,564.0,,,,,,
2025-05-04 10:00:00,553.0,662.0,,,,,
2025-05-04 10:10:00,564.0,,,,,,
2025-05-04 10:20:00,568.0,,,,,,
2025-05-04 10:30:00,573.0,,,,,,
2025-05-04 10:40:00,575.0,,,,,,
2025-05-04 10:50:00,566.0,,,,,,
2025-05-04 11:00:00,583.0,661.0,,,,,
2025-05-04 11:10:00,593.0,,,,,,
2025-05-04 11:20:00,598.0,,,,,,
2025-05-04 11:30:00,620.0,,,,,,
2025-05-04 11:40:00,624.0,,,,,,
2025-05-04 11:50:00,645.0,,,,,,
2025-05-04 12:00:00,648.0,659.0,,,,,
2025-05-04 12:10:00,656.0,,,,,,
2025-05-04 12:20:00,665.0,,,,,,
2025-05-04 12:30:00,677.0,,,,,,
2025-05-04 12:40:00,679.0,,,,,,
2025-05-04 12:50:00,702.0,,,,,,
2025-05-04 13:00:00,720.0,658.0,,,,,
2025-05-04 13:10:00,737.0,,,,,,
2025-05-04 13:20:00,743.0,,,,,,
2025-05-04 13:30:00,761.0,,,,,,
2025-05-04 13:40:00,762.0,,,,,,
2025-05-04 13:50:00,779.0,,,,,,
2025-05-04 14:00:00,792.0,659.0,,,,,
2025-05-04 14:10:00,801.0,,,,,,
2025-05-04 14:20:00,829.0,,,,,,
2025-05-04 14:30:00,841.0,,,,,,
2025-05-04 14:40:00,851.0,,,,,,
2025-05-04 14:50:00,857.0,,,,,,
2025-05-04 15:00:00,842.0,658.0,,,,,
2025-05-04 15:10:00,837.0,,,,,,
2025-05-04 15:20:00,848.0,,,,,,
2025-05-04 15:30:00,862.0,,,,,,
2025-05-04 15:40:00,853.0,,,,,,
2025-05-04 15:50:00,847.0,,,,,,
2025-05-04 16:00:00,853.0,658.0,,,,,
2025-05-04 16:10:00,849.0,,,,,,
2025-05-04 16:20:00,855.0,,,,,,
2025-05-04 16:30:00,846.0,,,,,,
2025-05-04 16:40:00,845.0,,,,,,
2025-05-04 16:50:00,830.0,,,,,,
2025-05-04 17:00:00,815.0,657.0,,,,,
2025-05-04 17:10:00,815.0,,,,,,
2025-05-04 17:20:00,808.0,,,,,,
2025-05-04 17:30:00,817.0,,,,,,
2025-05-04 17:40:00,816.0,,,,,,
2025-05-04 17:50:00,819.0,,,,,,
2025-05-04 18:00:00,833.0,658.0,,,,,
2025-05-04 18:10:00,842.0,,,,,,
2025-05-04 18:20:00,854.0,,,,,,
2025-05-04 18:30:00,864.0,,,,,,
2025-05-04 18:40:00,855.0,,,,,,
2025-05-04 18:50:00,846.0,,,,,,
2025-05-04 19:00:00,833.0,659.0,,,,,
2025-05-04 19:10:00,820.0,,,,,,
2025-05-04 19:20:00,795.0,,,,,,
2025-05-04 19:30:00,800.0,,,,,,
2025-05-04 19:40:00,780.0,,,,,,
2025-05-04 19:50:00,783.0,,,,,,
2025-05-04 20:00:00,770.0,660.0,,,,,
2025-05-04 20:10:00,770.0,,,,,,
2025-05-04 20:20:00,765.0,,,,,,
2025-05-04 20:30:00,758.0,,,,,,
2025-05-04 20:40:00,740.0,,,,,,
2025-05-04 20:50:00,722.0,,,,,,
2025-05-04 21:00:00,707.0,661.0,,,,,
2025-05-04 21:10:00,692.0,,,,,,
2025-05-04 21:20:00,691.0,,,,,,
2025-05-04 21:30:00,691.0,,,,,,
2025-05-04 21:40:00,678.0,,,,,,
2025-05-04 21:50:00,676.0,,,,,,
2025-05-04 22:00:00,677.0,663.0,,,,,
2025-05-04 22:10:00,633.0,,,,,,
2025-05-04 22:20:00,623.0,,,,,,
2025-05-04 22:30:00,616.0,,,,,,
2025-05-04 22:40:00,616.0,,,,,,
2025-05-04 22:50:00,583.0,,,,,,
2025-05-04 23:00:00,570.0,663.0,,,,,
2025-05-04 23:10:00,559.0,,,,,,
2025-05-04 23:20:00,549.0,,,,,,
2025-05-04 23:30:00,555.0,,,,,,
2025-05-04 23:40:00,570.0,,,,,,
2025-05-04 23:50:00,558.0,,,,,,
2025-05-05 00:00:00,562.0,667.0,75489.0,58.0,-3.0,,
2025-05-05 00:10:00,568.0,,,,,,
2025-05-05 00:20:00,579.0,,,,,,
2025-05-05 00:30:00,573.0,,,,,,
2025-05-05 00:40:00,590.0,,,,,,
2025-05-05 00:50:00,590.0,,,,,,
2025-05-05 01:00:00,584.0,671.0,,,,,
2025-05-05 01:10:00,587.0,,,,,,
2025-05-05 01:20:00,594.0,,,,,,
2025-05-05 01:30:00,593.0,,,,,,
2025-05-05 01:40:00,607.0,,,,,,
2025-05-05 01:50:00,610.0,,,,,,
2025-05-05 02:00:00,595.0,674.0,,,,,
2025-05-05 02:10:00,589.0,,,,,,
2025-05-05 02:20:00,585.0,,,,,,
2025-05-05 02:30:00,585.0,,,,,,
2025-05-05 02:40:00,567.0,,,,,,
2025-05-05 02:50:00,581.0,,,,,,
2025-05-05 03:00:00,571.0,675.0,,,,,
2025-05-05 03:10:00,557.0,,,,,,
2025-05-05 03:20:00,543.0,,,,,,
2025-05-05 03:30:00,536.0,,,,,,
2025-05-05 03:40:00,520.0,,,,,,
2025-05-05 03:50:00,507.0,,,,,,
2025-05-05 04:00:00,506.0,676.0,,,,,
2025-05-05 04:10:00,493.0,,,,,,
2025-05-05 04:20:00,482.0,,,,,,
2025-05-05 04:30:00,486.0,,,,,,
2025-05-05 04:40:00,475.0,,,,,,
2025-05-05 04:50:00,451.0,,,,,,
2025-05-05 05:00:00,442.0,677.0,,,,,
2025-05-05 05:10:00,429.0,,,,,,
2025-05-05 05:20:00,425.0,,,,,,
2025-05-05 05:30:00,420.0,,,,,,
2025-05-05 05:40:00,414.0,,,,,,
2025-05-05 05:50:00,405.0,,,,,,
2025-05-05 06:00:00,399.0,677.0,,,,,
2025-05-05 06:10:00,400.0,,,,,,
2025-05-05 06:20:00,413.0,,,,,,
2025-05-05 06:30:00,404.0,,,,,,
2025-05-05 06:40:00,400.0,,,,,,
2025-05-05 06:50:00,391.0,,,,,,
2025-05-05 07:00:00,394.0,676.0,,,,,
2025-05-05 07:10:00,377.0,,,,,,
2025-05-05 07:20:00,385.0,,,,,,
2025-05-05 07:30:00,388.0,,,,,,
2025-05-05 07:40:00,400.0,,,,,,
2025-05-05 07:50:00,401.0,,,,,,
2025-05-05 08:00:00,391.0,675.0,,,,,
2025-05-05 08:10:00,390.0,,,,,,
2025-05-05 08:20:00,381.0,,,,,,
2025-05-05 08:30:00,393.0,,,,,,
2025-05-05 08:40:00,400.0,,,,,,
2025-05-05 08:50:00,386.0,,,,,,
2025-05-05 09:00:00,383.0,672.0,,,,,
2025-05-05 09:10:00,387.0,,,,,,
2025-05-05 09:20:00,376.0,,,,,,
2025-05-05 09:30:00,375.0,,,,,,
2025-05-05 09:40:00,375.0,,,,,,
2025-05-05 09:50:00,386.0,,,,,,
2025-05-05 10:00:00,389.0,671.0,,,,,
2025-05-05 10:10:00,376.0,,,,,,
2025-05-05 10:20:00,378.0,,,,,,
2025-05-05 10:30:00,366.0,,,,,,
2025-05-05 10:40:00,374.0,,,,,,
2025-05-05 10:50:00,374.0,,,,,,
2025-05-05 11:00:00,381.0,669.0,,,,,
2025-05-05 11:10:00,373.0,,,,,,
2025-05-05 11:20:00,387.0,,,,,,
2025-05-05 11:30:00,396.0,,,,,,
2025-05-05 11:40:00,404.0,,,,,,
2025-05-05 11:50:00,416.0,,,,,,
2025-05-05 12:00:00,433.0,668.0,,,,,
2025-05-05 12:10:00,440.0,,,,,,
2025-05-05 12:20:00,451.0,,,,,,
2025-05-05 12:30:00,488.0,,,,,,
2025-05-05 12:40:00,505.0,,,,,,
2025-05-05 12:50:00,510.0,,,,,,
2025-05-05 13:00:00,514.0,668.0,,,,,
2025-05-05 13:10:00,495.0,,,,,,
2025-05-05 13:20:00,516.0,,,,,,
2025-05-05 13:30:00,546.0,,,,,,
2025-05-05 13:40:00,552.0,,,,,,
2025-05-05 13:50:00,564.0,,,,,,
2025-05-05 14:00:00,565.0,668.0,,,,,
2025-05-05 14:10:00,555.0,,,,,,
2025-05-05 14:20:00,566.0,,,,,,
2025-05-05 14:30:00,570.0,,,,,,
2025-05-05 14:40:00,585.0,,,,,,
2025-05-05 14:50:00,591.0,,,,,,
2025-05-05 15:00:00,589.0,668.0,,,,,
2025-05-05 15:10:00,590.0,,,,,,
2025-05-05 15:20:00,617.0,,,,,,
2025-05-05 15:30:00,605.0,,,,,,
2025-05-05 15:40:00,603.0,,,,,,
2025-05-05 15:50:00,595.0,,,,,,
2025-05-05 16:00:00,605.0,668.0,,,,,
2025-05-05 16:10:00,606.0,,,,,,
2025-05-05 16:20:00,607.0,,,,,,
2025-05-05 16:30:00,602.0,,,,,,
2025-05-05 16:40:00,601.0,,,,,,
2025-05-05 16:50:00,599.0,,,,,,
2025-05-05 17:00:00,588.0,672.0,,,,,
2025-05-05 17:10:00,602.0,,,,,,
2025-05-05 17:20:00,617.0,,,,,,
2025-05-05 17:21:17,,,,,,"53,39","53,39"
2025-05-05 17:30:00,653.0,,,,,,
2025-05-05 17:40:00,667.0,,,,,,
2025-05-05 17:50:00,701.0,,,,,,
2025-05-05 18:00:00,736.0,677.0,,,,,
2025-05-05 18:10:00,759.0,,,,,,
2025-05-05 18:20:00,779.0,,,,,,
2025-05-05 18:30:00,791.0,,,,,,
2025-05-05 18:40:00,818.0,,,,,,
2025-05-05 18:50:00,841.0,,,,,,
2025-05-05 19:00:00,839.0,686.0,,,,,
2025-05-05 19:10:00,863.0,,,,,,
2025-05-05 19:20:00,886.0,,,,,,
2025-05-05 19:30:00,886.0,,,,,,
2025-05-05 19:40:00,917.0,,,,,,
2025-05-05 19:50:00,917.0,,,,,,
2025-05-05 20:00:00,912.0,697.0,,,,,
2025-05-05 20:10:00,908.0,,,,,,
2025-05-05 20:20:00,927.0,,,,,,
2025-05-05 20:30:00,924.0,,,,,,
2025-05-05 20:40:00,913.0,,,,,,
2025-05-05 20:50:00,937.0,,,,,,
2025-05-05 21:00:00,911.0,710.0,,,,,
2025-05-05 21:10:00,912.0,,,,,,
2025-05-05 21:20:00,910.0,,,,,,
2025-05-05 21:30:00,913.0,,,,,,
2025-05-05 21:40:00,916.0,,,,,,
2025-05-05 21:50:00,919.0,,,,,,
2025-05-05 22:00:00,917.0,723.0,,,,,
2025-05-05 22:10:00,895.0,,,,,,
2025-05-05 22:20:00,864.0,,,,,,
2025-05-05 22:30:00,884.0,,,,,,
2025-05-05 22:40:00,888.0,,,,,,
2025-05-05 22:50:00,876.0,,,,,,
2025-05-05 23:00:00,888.0,739.0,,,,,
2025-05-05 23:10:00,871.0,,,,,,
2025-05-05 23:20:00,869.0,,,,,,
2025-05-05 23:30:00,900.0,,,,,,
2025-05-05 23:40:00,927.0,,,,,,
2025-05-05 23:50:00,928.0,,,,,,
2025-05-06 00:00:00,922.0,754.0,76609.0,17.0,,,
2025-05-06 00:10:00,943.0,,,,,,
2025-05-06 00:20:00,935.0,,,,,,
2025-05-06 00:30:00,922.0,,,,,,
2025-05-06 00:40:00,925.0,,,,,,
2025-05-06 00:50:00,941.0,,,,,,
2025-05-06 01:00:00,954.0,772.0,,,,,
2025-05-06 01:10:00,978.0,,,,,,
2025-05-06 01:20:00,994.0,,,,,,
2025-05-06 01:30:00,1006.0,,,,,,
2025-05-06 01:40:00,1031.0,,,,,,
2025-05-06 01:50:00,1029.0,,,,,,
2025-05-06 02:00:00,1039.0,793.0,,,,,
2025-05-06 02:10:00,1051.0,,,,,,
2025-05-06 02:20:00,1068.0,,,,,,
2025-05-06 02:30:00,1098.0,,,,,,
2025-05-06 02:40:00,1078.0,,,,,,
2025-05-06 02:50:00,1071.0,,,,,,
2025-05-06 03:00:00,1074.0,814.0,,,,,
2025-05-06 03:10:00,1083.0,,,,,,
2025-05-06 03:20:00,1086.0,,,,,,
2025-05-06 03:30:00,1107.0,,,,,,
2025-05-06 03:40:00,1093.0,,,,,,
2025-05-06 03:50:00,1076.0,,,,,,
2025-05-06 04:00:00,1047.0,835.0,,,,,
2025-05-06 04:10:00,1044.0,,,,,,
2025-05-06 04:20:00,1050.0,,,,,,
2025-05-06 04:30:00,1067.0,,,,,,
2025-05-06 04:40:00,1055.0,,,,,,
2025-05-06 04:50:00,1027.0,,,,,,
2025-05-06 05:00:00,1018.0,858.0,,,,,
2025-05-06 05:10:00,993.0,,,,,,
2025-05-06 05:20:00,993.0,,,,,,
2025-05-06 05:30:00,970.0,,,,,,
2025-05-06 05:40:00,970.0,,,,,,
2025-05-06 05:50:00,975.0,,,,,,
2025-05-06 06:00:00,976.0,880.0,,,,,
2025-05-06 06:10:00,966.0,,,,,,
2025-05-06 06:20:00,947.0,,,,,,
2025-05-06 06:30:00,968.0,,,,,,
2025-05-06 06:40:00,973.0,,,,,,
2025-05-06 06:50:00,964.0,,,,,,
2025-05-06 07:00:00,949.0,902.0,,,,,
2025-05-06 07:10:00,950.0,,,,,,
2025-05-06 07:20:00,950.0,,,,,,
2025-05-06 07:30:00,972.0,,,,,,
2025-05-06 07:40:00,974.0,,,,,,
2025-05-06 07:50:00,983.0,,,,,,
2025-05-06 08:00:00,1001.0,925.0,,,,,
2025-05-06 08:10:00,990.0,,,,,,
2025-05-06 08:20:00,1005.0,,,,,,
2025-05-06 08:30:00,1007.0,,,,,,
2025-05-06 08:40:00,1015.0,,,,,,
2025-05-06 08:50:00,1027.0,,,,,,
2025-05-06 09:00:00,1050.0,950.0,,,,,
2025-05-06 09:10:00,1054.0,,,,,,
2025-05-06 09:20:00,1047.0,,,,,,
2025-05-06 09:30:00,1039.0,,,,,,
2025-05-06 09:40:00,1050.0,,,,,,
2025-05-06 09:50:00,1036.0,,,,,,
2025-05-06 10:00:00,1098.0,981.0,,,,,
2025-05-06 10:10:00,1115.0,,,,,,
2025-05-06 10:20:00,1110.0,,,,,,
2025-05-06 10:30:00,1129.0,,,,,,
2025-05-06 10:40:00,1186.0,,,,,,
2025-05-06 10:50:00,1233.0,,,,,,
2025-05-06 11:00:00,1246.0,1016.0,,,,,
2025-05-06 11:10:00,1272.0,,,,,,
2025-05-06 11:20:00,1318.0,,,,,,
2025-05-06 11:30:00,1338.0,,,,,,
2025-05-06 11:40:00,1324.0,,,,,,
2025-05-06 11:50:00,1348.0,,,,,,
2025-05-06 12:00:00,1400.0,1059.0,,,,,
2025-05-06 12:10:00,1451.0,,,,,,
2025-05-06 12:20:00,1510.0,,,,,,
2025-05-06 12:30:00,1535.0,,,,,,
2025-05-06 12:40:00,1607.0,,,,,,
2025-05-06 12:50:00,1640.0,,,,,,
2025-05-06 13:00:00,1681.0,1107.0,,,,,
2025-05-06 13:10:00,1717.0,,,,,,
2025-05-06 13:20:00,1727.0,,,,,,
2025-05-06 13:30:00,1770.0,,,,,,
2025-05-06 13:40:00,1832.0,,,,,,
2025-05-06 13:50:00,1868.0,,,,,,
2025-05-06 14:00:00,1907.0,1158.0,,,,,
2025-05-06 14:10:00,1915.0,,,,,,
2025-05-06 14:20:00,1899.0,,,,,,
2025-05-06 14:30:00,1941.0,,,,,,
2025-05-06 14:40:00,1935.0,,,,,,
2025-05-06 14:50:00,1941.0,,,,,,
2025-05-06 15:00:00,1939.0,1209.0,,,,,
2025-05-06 15:10:00,1903.0,,,,,,
2025-05-06 15:20:00,1941.0,,,,,,
2025-05-06 15:30:00,1938.0,,,,,,
2025-05-06 15:40:00,1900.0,,,,,,
2025-05-06 15:50:00,1892.0,,,,,,
2025-05-06 16:00:00,1862.0,1257.0,,,,,
2025-05-06 16:10:00,1858.0,,,,,,
2025-05-06 16:20:00,1836.0,,,,,,
2025-05-06 16:30:00,1795.0,,,,,,
2025-05-06 16:40:00,1758.0,,,,,,
2025-05-06 16:50:00,1775.0,,,,,,
2025-05-06 17:00:00,1743.0,1297.0,,,,,
2025-05-06 17:10:00,1750.0,,,,,,
2025-05-06 17:20:00,1749.0,,,,,,
2025-05-06 17:30:00,1769.0,,,,,,
2025-05-06 17:40:00,1766.0,,,,,,
2025-05-06 17:50:00,1761.0,,,,,,
2025-05-06 18:00:00,1749.0,1335.0,,,,,
2025-05-06 18:10:00,1781.0,,,,,,
2025-05-06 18:20:00,1754.0,,,,,,
2025-05-06 18:30:00,1805.0,,,,,,
2025-05-06 18:40:00,1814.0,,,,,,
2025-05-06 18:50:00,1828.0,,,,,,
2025-05-06 19:00:00,1833.0,1373.0,,,,,
2025-05-06 19:10:00,1849.0,,,,,,
2025-05-06 19:20:00,1856.0,,,,,,
2025-05-06 19:30:00,1866.0,,,,,,
2025-05-06 19:40:00,1889.0,,,,,,
2025-05-06 19:50:00,1901.0,,,,,,
2025-05-06 20:00:00,1885.0,1408.0,,,,,
2025-05-06 20:10:00,1860.0,,,,,,
2025-05-06 20:20:00,1853.0,,,,,,
2025-05-06 20:30:00,1834.0,,,,,,
2025-05-06 20:40:00,1843.0,,,,,,
2025-05-06 20:50:00,1799.0,,,,,,
2025-05-06 21:00:00,1758.0,1440.0,,,,,
2025-05-06 21:10:00,1714.0,,,,,,
2025-05-06 21:20:00,1681.0,,,,,,
2025-05-06 21:30:00,1679.0,,,,,,
2025-05-06 21:40:00,1705.0,,,,,,
2025-05-06 21:50:00,1659.0,,,,,,
2025-05-06 22:00:00,1642.0,1468.0,,,,,
2025-05-06 22:10:00,1451.0,,,,,,
2025-05-06 22:20:00,1552.0,,,,,,
2025-05-06 22:30:00,1545.0,,,,,,
2025-05-06 22:40:00,1522.0,,,,,,
2025-05-06 22:50:00,1536.0,,,,,,
2025-05-06 23:00:00,1515.0,1492.0,,,,,
2025-05-06 23:10:00,1493.0,,,,,,
2025-05-06 23:20:00,1520.0,,,,,,
2025-05-06 23:30:00,1520.0,,,,,,
2025-05-06 23:40:00,1496.0,,,,,,
2025-05-06 23:50:00,1527.0,,,,,,
2025-05-07 00:00:00,1508.0,1516.0,77680.0,41.0,-16.0,,
2025-05-07 00:10:00,1507.0,,,,,,
2025-05-07 00:20:00,1531.0,,,,,,
2025-05-07 00:30:00,1532.0,,,,,,
2025-05-07 00:40:00,1537.0,,,,,,
2025-05-07 00:50:00,1560.0,,,,,,
2025-05-07 01:00:00,1566.0,1538.0,,,,,
2025-05-07 01:10:00,1576.0,,,,,,
2025-05-07 01:20:00,1582.0,,,,,,
2025-05-07 01:30:00,1579.0,,,,,,
2025-05-07 01:40:00,1618.0,,,,,,
2025-05-07 01:50:00,1611.0,,,,,,
2025-05-07 02:00:00,1606.0,1557.0,,,,,
2025-05-07 02:10:00,1614.0,,,,,,
2025-05-07 02:20:00,1599.0,,,,,,
2025-05-07 02:30:00,1586.0,,,,,,
2025-05-07 02:40:00,1590.0,,,,,,
2025-05-07 02:50:00,1595.0,,,,,,
2025-05-07 03:00:00,1589.0,1576.0,,,,,
2025-05-07 03:10:00,1550.0,,,,,,
2025-05-07 03:20:00,1525.0,,,,,,
2025-05-07 03:30:00,1543.0,,,,,,
2025-05-07 03:40:00,1541.0,,,,,,
2025-05-07 03:50:00,1508.0,,,,,,
2025-05-07 04:00:00,1523.0,1594.0,,,,,
2025-05-07 04:10:00,1517.0,,,,,,
2025-05-07 04:20:00,1525.0,,,,,,
2025-05-07 04:30:00,1496.0,,,,,,
2025-05-07 04:40:00,1499.0,,,,,,
2025-05-07 04:50:00,1505.0,,,,,,
2025-05-07 05:00:00,1507.0,1613.0,,,,,
2025-05-07 05:10:00,1489.0,,,,,,
2025-05-07 05:20:00,1485.0,,,,,,
2025-05-07 05:30:00,1479.0,,,,,,
2025-05-07 05:40:00,1439.0,,,,,,
2025-05-07 05:50:00,1406.0,,,,,,
2025-05-07 06:00:00,1365.0,1628.0,,,,,
2025-05-07 06:10:00,1349.0,,,,,,
2025-05-07 06:20:00,1327.0,,,,,,
2025-05-07 06:30:00,1337.0,,,,,,
2025-05-07 06:40:00,1315.0,,,,,,
2025-05-07 06:50:00,1285.0,,,,,,
2025-05-07 07:00:00,1290.0,1642.0,,,,,
2025-05-07 07:10:00,1320.0,,,,,,
2025-05-07 07:20:00,1311.0,,,,,,
2025-05-07 07:30:00,1312.0,,,,,,
2025-05-07 07:40:00,1336.0,,,,,,
2025-05-07 07:50:00,1347.0,,,,,,
2025-05-07 08:00:00,1339.0,1655.0,,,,,
2025-05-07 08:10:00,1326.0,,,,,,
2025-05-07 08:20:00,1350.0,,,,,,
2025-05-07 08:30:00,1341.0,,,,,,
2025-05-07 08:40:00,1345.0,,,,,,
2025-05-07 08:50:00,1349.0,,,,,,
2025-05-07 09:00:00,1353.0,1673.0,,,,,
2025-05-07 09:10:00,1369.0,,,,,,
2025-05-07 09:20:00,1378.0,,,,,,
2025-05-07 09:30:00,1394.0,,,,,,
2025-05-07 09:40:00,1442.0,,,,,,
2025-05-07 09:50:00,1481.0,,,,,,
2025-05-07 10:00:00,1496.0,1690.0,,,,,
2025-05-07 10:10:00,1500.0,,,,,,
2025-05-07 10:20:00,1553.0,,,,,,
2025-05-07 10:30:00,1575.0,,,,,,
2025-05-07 10:40:00,1599.0,,,,,,
2025-05-07 10:50:00,1660.0,,,,,,
2025-05-07 11:00:00,1662.0,1711.0,,,,,
2025-05-07 11:10:00,1705.0,,,,,,
2025-05-07 11:20:00,1758.0,,,,,,
2025-05-07 11:30:00,1788.0,,,,,,
2025-05-07 11:40:00,1825.0,,,,,,
2025-05-07 11:50:00,1862.0,,,,,,
2025-05-07 12:00:00,1915.0,1729.0,,,,,
2025-05-07 12:10:00,1955.0,,,,,,
2025-05-07 12:20:00,1973.0,,,,,,
2025-05-07 12:30:00,2016.0,,,,,,
2025-05-07 12:40:00,2040.0,,,,,,
2025-05-07 12:50:00,2080.0,,,,,,
2025-05-07 13:00:00,2145.0,1752.0,,,,,
2025-05-07 13:10:00,2228.0,,,,,,
2025-05-07 13:20:00,2296.0,,,,,,
2025-05-07 13:30:00,2326.0,,,,,,
2025-05-07 13:40:00,2394.0,,,,,,
2025-05-07 13:50:00,2432.0,,,,,,
2025-05-07 14:00:00,2485.0,1777.0,,,,,
2025-05-07 14:10:00,2519.0,,,,,,
2025-05-07 14:20:00,2582.0,,,,,,
2025-05-07 14:30:00,2564.0,,,,,,
2025-05-07 14:40:00,2555.0,,,,,,
2025-05-07 14:50:00,2577.0,,,,,,
2025-05-07 15:00:00,2560.0,1802.0,,,,,
2025-05-07 15:10:00,2498.0,,,,,,
2025-05-07 15:20:00,2465.0,,,,,,
2025-05-07 15:30:00,2480.0,,,,,,
2025-05-07 15:40:00,2443.0,,,,,,
2025-05-07 15:50:00,2427.0,,,,,,
2025-05-07 16:00:00,2425.0,1824.0,,,,,
2025-05-07 16:10:00,2351.0,,,,,,
2025-05-07 16:20:00,2335.0,,,,,,
2025-05-07 16:30:00,2313.0,,,,,,
2025-05-07 16:40:00,2304.0,,,,,,
2025-05-07 16:50:00,2286.0,,,,,,
2025-05-07 17:00:00,2259.0,1845.0,,,,,
2025-05-07 17:10:00,2249.0,,,,,,
2025-05-07 17:20:00,2246.0,,,,,,
2025-05-07 17:30:00,2213.0,,,,,,
2025-05-07 17:40:00,2272.0,,,,,,
2025-05-07 17:50:00,2269.0,,,,,,
2025-05-07 18:00:00,2262.0,1863.0,,,,,
2025-05-07 18:10:00,2254.0,,,,,,
2025-05-07 18:20:00,2240.0,,,,,,
2025-05-07 18:30:00,2256.0,,,,,,
2025-05-07 18:40:00,2260.0,,,,,,
2025-05-07 18:50:00,2257.0,,,,,,
2025-05-07 19:00:00,2269.0,1878.0,,,,,
2025-05-07 19:10:00,2220.0,,,,,,
2025-05-07 19:20:00,2264.0,,,,,,
2025-05-07 19:30:00,2282.0,,,,,,
2025-05-07 19:40:00,2291.0,,,,,,
2025-05-07 19:50:00,2296.0,,,,,,
2025-05-07 20:00:00,2291.0,1894.0,,,,,
2025-05-07 20:10:00,2236.0,,,,,,
2025-05-07 20:20:00,2210.0,,,,,,
2025-05-07 20:30:00,2156.0,,,,,,
2025-05-07 20:40:00,2141.0,,,,,,
2025-05-07 20:50:00,2159.0,,,,,,
2025-05-07 21:00:00,2136.0,1909.0,,,,,
2025-05-07 21:10:00,2107.0,,,,,,
2025-05-07 21:20:00,2097.0,,,,,,
2025-05-07 21:30:00,2084.0,,,,,,
2025-05-07 21:40:00,2074.0,,,,,,
2025-05-07 21:50:00,2073.0,,,,,,
2025-05-07 22:00:00,2088.0,1927.0,,,,,
2025-05-07 22:10:00,2043.0,,,,,,
2025-05-07 22:20:00,2027.0,,,,,,
2025-05-07 22:30:00,2015.0,,,,,,
2025-05-07 22:40:00,1963.0,,,,,,
2025-05-07 22:50:00,1944.0,,,,,,
2025-05-07 23:00:00,1897.0,1941.0,,,,,
2025-05-07 23:10:00,1862.0,,,,,,
2025-05-07 23:20:00,1818.0,,,,,,
2025-05-07 23:30:00,1782.0,,,,,,
2025-05-07 23:40:00,1775.0,,,,,,
2025-05-07 23:50:00,1793.0,,,,,,
2025-05-08 00:00:00,1796.0,1952.0,78386.0,65.0,-10.0,,
2025-05-08 00:10:00,1794.0,,,,,,
2025-05-08 00:20:00,1787.0,,,,,,
2025-05-08 00:30:00,1800.0,,,,,,
2025-05-08 00:40:00,1822.0,,,,,,
2025-05-08 00:50:00,1836.0,,,,,,
2025-05-08 01:00:00,1874.0,1961.0,,,,,
2025-05-08 01:10:00,1864.0,,,,,,
2025-05-08 01:20:00,1862.0,,,,,,
2025-05-08 01:30:00,1823.0,,,,,,
2025-05-08 01:40:00,1810.0,,,,,,
2025-05-08 01:50:00,1793.0,,,,,,
2025-05-08 02:00:00,1849.0,1973.0,,,,,
2025-05-08 02:10:00,1857.0,,,,,,
2025-05-08 02:20:00,1890.0,,,,,,
2025-05-08 02:30:00,1913.0,,,,,,
2025-05-08 02:40:00,1914.0,,,,,,
2025-05-08 02:50:00,1926.0,,,,,,
2025-05-08 03:00:00,1923.0,1986.0,,,,,
2025-05-08 03:10:00,1905.0,,,,,,
2025-05-08 03:20:00,1907.0,,,,,,
2025-05-08 03:30:00,1900.0,,,,,,
2025-05-08 03:40:00,1873.0,,,,,,
2025-05-08 03:50:00,1879.0,,,,,,
2025-05-08 04:00:00,1853.0,1999.0,,,,,
2025-05-08 04:10:00,1837.0,,,,,,
2025-05-08 04:20:00,1825.0,,,,,,
2025-05-08 04:30:00,1812.0,,,,,,
2025-05-08 04:40:00,1832.0,,,,,,
2025-05-08 04:50:00,1820.0,,,,,,
2025-05-08 05:00:00,1798.0,2010.0,,,,,
2025-05-08 05:10:00,1754.0,,,,,,
2025-05-08 05:20:00,1710.0,,,,,,
2025-05-08 05:30:00,1705.0,,,,,,
2025-05-08 05:40:00,1664.0,,,,,,
2025-05-08 05:50:00,1675.0,,,,,,
2025-05-08 06:00:00,1618.0,2020.0,,,,,
2025-05-08 06:10:00,1587.0,,,,,,
2025-05-08 06:20:00,1578.0,,,,,,
2025-05-08 06:30:00,1576.0,,,,,,
2025-05-08 06:40:00,1568.0,,,,,,
2025-05-08 06:50:00,1542.0,,,,,,
2025-05-08 07:00:00,1537.0,2033.0,,,,,
2025-05-08 07:10:00,1570.0,,,,,,
2025-05-08 07:20:00,1590.0,,,,,,
2025-05-08 07:30:00,1645.0,,,,,,
2025-05-08 07:40:00,1659.0,,,,,,
2025-05-08 07:50:00,1675.0,,,,,,
2025-05-08 08:00:00,1729.0,2052.0,,,,,
2025-05-08 08:10:00,1745.0,,,,,,
2025-05-08 08:20:00,1779.0,,,,,,
2025-05-08 08:30:00,1801.0,,,,,,
2025-05-08 08:40:00,1822.0,,,,,,
2025-05-08 08:50:00,1830.0,,,,,,
2025-05-08 09:00:00,1851.0,2068.0,,,,,
2025-05-08 09:10:00,1839.0,,,,,,
2025-05-08 09:20:00,1824.0,,,,,,
2025-05-08 09:30:00,1853.0,,,,,,
2025-05-08 09:40:00,1884.0,,,,,,
2025-05-08 09:50:00,1905.0,,,,,,
2025-05-08 10:00:00,1936.0,2086.0,,,,,
2025-05-08 10:10:00,1943.0,,,,,,
2025-05-08 10:20:00,1990.0,,,,,,
2025-05-08 10:30:00,2033.0,,,,,,
2025-05-08 10:40:00,2074.0,,,,,,
2025-05-08 10:50:00,2111.0,,,,,,
2025-05-08 11:00:00,2105.0,2105.0,,,,,
2025-05-08 11:10:00,2172.0,,,,,,
2025-05-08 11:20:00,2218.0,,,,,,
2025-05-08 11:30:00,2236.0,,,,,,
2025-05-08 11:40:00,2298.0,,,,,,
2025-05-08 11:50:00,2341.0,,,,,,
2025-05-08 12:00:00,2387.0,2127.0,,,,,
2025-05-08 12:10:00,2430.0,,,,,,
2025-05-08 12:20:00,2466.0,,,,,,
2025-05-08 12:30:00,2542.0,,,,,,
2025-05-08 12:40:00,2589.0,,,,,,
2025-05-08 12:50:00,2641.0,,,,,,
2025-05-08 13:00:00,2710.0,2148.0,,,,,
2025-05-08 13:10:00,2760.0,,,,,,
2025-05-08 13:20:00,2825.0,,,,,,
2025-05-08 13:30:00,2882.0,,,,,,
2025-05-08 13:40:00,2929.0,,,,,,
2025-05-08 13:50:00,2969.0,,,,,,
2025-05-08 14:00:00,3008.0,2166.0,,,,,
2025-05-08 14:10:00,3007.0,,,,,,
2025-05-08 14:20:00,3010.0,,,,,,
2025-05-08 14:30:00,3058.0,,,,,,
2025-05-08 14:40:00,3019.0,,,,,,
2025-05-08 14:50:00,3028.0,,,,,,
2025-05-08 15:00:00,3016.0,2184.0,,,,,
2025-05-08 15:10:00,3001.0,,,,,,
2025-05-08 15:20:00,3001.0,,,,,,
2025-05-08 15:30:00,2975.0,,,,,,
2025-05-08 15:40:00,2989.0,,,,,,
2025-05-08 15:50:00,2962.0,,,,,,
2025-05-08 16:00:00,2939.0,2205.0,,,,,
2025-05-08 16:10:00,2870.0,,,,,,
2025-05-08 16:20:00,2778.0,,,,,,
2025-05-08 16:30:00,2780.0,,,,,,
2025-05-08 16:40:00,2761.0,,,,,,
2025-05-08 16:50:00,2739.0,,,,,,
2025-05-08 17:00:00,2742.0,2224.0,,,,,
2025-05-08 17:10:00,2703.0,,,,,,
2025-05-08 17:20:00,2701.0,,,,,,
2025-05-08 17:30:00,2692.0,,,,,,
2025-05-08 17:40:00,2654.0,,,,,,
2025-05-08 17:50:00,2628.0,,,,,,
2025-05-08 18:00:00,2618.0,2239.0,,,,,
2025-05-08 18:10:00,2628.0,,,,,,
2025-05-08 18:20:00,2628.0,,,,,,
2025-05-08 18:30:00,2608.0,,,,,,
2025-05-08 18:40:00,2596.0,,,,,,
2025-05-08 18:50:00,2586.0,,,,,,
2025-05-08 19:00:00,2573.0,2251.0,,,,,
2025-05-08 19:10:00,2586.0,,,,,,
2025-05-08 19:20:00,2592.0,,,,,,
2025-05-08 19:30:00,2586.0,,,,,,
2025-05-08 19:40:00,2589.0,,,,,,
2025-05-08 19:50:00,2579.0,,,,,,
2025-05-08 20:00:00,2576.0,2262.0,,,,,
2025-05-08 20:10:00,2556.0,,,,,,
2025-05-08 20:20:00,2559.0,,,,,,
2025-05-08 20:30:00,2531.0,,,,,,
2025-05-08 20:40:00,2505.0,,,,,,
2025-05-08 20:50:00,2498.0,,,,,,
2025-05-08 21:00:00,2483.0,2276.0,,,,,
2025-05-08 21:10:00,2465.0,,,,,,
2025-05-08 21:20:00,2460.0,,,,,,
2025-05-08 21:30:00,2464.0,,,,,,
2025-05-08 21:40:00,2435.0,,,,,,
2025-05-08 21:50:00,2384.0,,,,,,
2025-05-08 22:00:00,2300.0,2284.0,,,,,
2025-05-08 22:10:00,2253.0,,,,,,
2025-05-08 22:20:00,2177.0,,,,,,
2025-05-08 22:30:00,2108.0,,,,,,
2025-05-08 22:40:00,2077.0,,,,,,
2025-05-08 22:50:00,2039.0,,,,,,
2025-05-08 23:00:00,1973.0,2287.0,,,,,
2025-05-08 23:10:00,1956.0,,,,,,
2025-05-08 23:20:00,1942.0,,,,,,
2025-05-08 23:30:00,1901.0,,,,,,
2025-05-08 23:40:00,1877.0,,,,,,
2025-05-08 23:50:00,1902.0,,,,,,
2025-05-09 00:00:00,1927.0,2292.0,78640.0,66.0,-11.0,,
2025-05-09 00:10:00,1916.0,,,,,,
2025-05-09 00:20:00,1919.0,,,,,,
2025-05-09 00:30:00,1910.0,,,,,,
2025-05-09 00:40:00,1946.0,,,,,,
2025-05-09 00:50:00,1943.0,,,,,,
2025-05-09 01:00:00,1968.0,2301.0,,,,,
2025-05-09 01:10:00,1979.0,,,,,,
2025-05-09 01:20:00,1997.0,,,,,,
2025-05-09 01:30:00,2025.0,,,,,,
2025-05-09 01:40:00,2066.0,,,,,,
2025-05-09 01:50:00,2109.0,,,,,,
2025-05-09 02:00:00,2096.0,2308.0,,,,,
2025-05-09 02:10:00,2060.0,,,,,,
2025-05-09 02:20:00,2037.0,,,,,,
2025-05-09 02:30:00,2030.0,,,,,,
2025-05-09 02:40:00,2067.0,,,,,,
2025-05-09 02:50:00,2080.0,,,,,,
2025-05-09 03:00:00,2064.0,2314.0,,,,,
2025-05-09 03:10:00,2039.0,,,,,,
2025-05-09 03:20:00,2047.0,,,,,,
2025-05-09 03:30:00,2021.0,,,,,,
2025-05-09 03:40:00,1968.0,,,,,,
2025-05-09 03:50:00,1963.0,,,,,,
2025-05-09 04:00:00,1959.0,2321.0,,,,,
2025-05-09 04:10:00,1967.0,,,,,,
2025-05-09 04:20:00,2011.0,,,,,,
2025-05-09 04:30:00,2023.0,,,,,,
2025-05-09 04:40:00,1988.0,,,,,,
2025-05-09 04:50:00,1967.0,,,,,,
2025-05-09 05:00:00,1989.0,2330.0,,,,,
2025-05-09 05:10:00,1952.0,,,,,,
2025-05-09 05:20:00,1927.0,,,,,,
2025-05-09 05:30:00,1892.0,,,,,,
2025-05-09 05:40:00,1900.0,,,,,,
2025-05-09 05:50:00,1895.0,,,,,,
2025-05-09 06:00:00,1867.0,2340.0,,,,,
2025-05-09 06:10:00,1867.0,,,,,,
2025-05-09 06:20:00,1828.0,,,,,,
2025-05-09 06:30:00,1814.0,,,,,,
2025-05-09 06:40:00,1822.0,,,,,,
2025-05-09 06:50:00,1836.0,,,,,,
2025-05-09 07:00:00,1830.0,2348.0,,,,,
2025-05-09 07:10:00,1812.0,,,,,,
2025-05-09 07:20:00,1814.0,,,,,,
2025-05-09 07:30:00,1822.0,,,,,,
2025-05-09 07:40:00,1840.0,,,,,,
2025-05-09 07:50:00,1849.0,,,,,,
2025-05-09 08:00:00,1889.0,2359.0,,,,,
2025-05-09 08:10:00,1947.0,,,,,,
2025-05-09 08:20:00,1960.0,,,,,,
2025-05-09 08:30:00,1983.0,,,,,,
2025-05-09 08:40:00,2009.0,,,,,,
2025-05-09 08:50:00,2073.0,,,,,,
2025-05-09 09:00:00,2113.0,2370.0,,,,,
2025-05-09 09:10:00,2133.0,,,,,,
2025-05-09 09:20:00,2127.0,,,,,,
2025-05-09 09:30:00,2150.0,,,,,,
2025-05-09 09:40:00,2157.0,,,,,,
2025-05-09 09:50:00,2178.0,,,,,,
2025-05-09 10:00:00,2185.0,2380.0,,,,,
2025-05-09 10:10:00,2178.0,,,,,,
2025-05-09 10:20:00,2194.0,,,,,,
2025-05-09 10:30:00,2199.0,,,,,,
2025-05-09 10:40:00,2256.0,,,,,,
2025-05-09 10:50:00,2326.0,,,,,,
2025-05-09 11:00:00,2343.0,2388.0,,,,,
2025-05-09 11:10:00,2366.0,,,,,,
2025-05-09 11:20:00,2409.0,,,,,,
2025-05-09 11:30:00,2442.0,,,,,,
2025-05-09 11:40:00,2461.0,,,,,,
2025-05-09 11:50:00,2528.0,,,,,,
2025-05-09 12:00:00,2563.0,2394.0,,,,,
2025-05-09 12:10:00,2575.0,,,,,,
2025-05-09 12:20:00,2647.0,,,,,,
2025-05-09 12:30:00,2691.0,,,,,,
2025-05-09 12:40:00,2738.0,,,,,,
2025-05-09 12:50:00,2799.0,,,,,,
2025-05-09 13:00:00,2849.0,2400.0,,,,,
2025-05-09 13:10:00,2870.0,,,,,,
2025-05-09 13:20:00,2871.0,,,,,,
2025-05-09 13:30:00,2954.0,,,,,,
2025-05-09 13:40:00,3046.0,,,,,,
2025-05-09 13:50:00,3089.0,,,,,,
2025-05-09 14:00:00,3136.0,2411.0,,,,,
2025-05-09 14:10:00,3186.0,,,,,,
2025-05-09 14:20:00,3199.0,,,,,,
2025-05-09 14:30:00,3259.0,,,,,,
2025-05-09 14:40:00,3278.0,,,,,,
2025-05-09 14:50:00,3324.0,,,,,,
2025-05-09 15:00:00,3323.0,2424.0,,,,,
2025-05-09 15:10:00,3303.0,,,,,,
2025-05-09 15:20:00,3332.0,,,,,,
2025-05-09 15:30:00,3313.0,,,,,,
2025-05-09 15:40:00,3295.0,,,,,,
2025-05-09 15:50:00,3315.0,,,,,,
2025-05-09 16:00:00,3316.0,2440.0,,,,,
2025-05-09 16:10:00,3283.0,,,,,,
2025-05-09 16:20:00,3195.0,,,,,,
2025-05-09 16:30:00,3178.0,,,,,,
2025-05-09 16:40:00,3125.0,,,,,,
2025-05-09 16:50:00,3122.0,,,,,,
2025-05-09 17:00:00,3089.0,2454.0,,,,,
2025-05-09 17:10:00,3045.0,,,,,,
2025-05-09 17:20:00,3000.0,,,,,,
2025-05-09 17:30:00,2920.0,,,,,,
2025-05-09 17:40:00,2928.0,,,,,,
2025-05-09 17:50:00,2911.0,,,,,,
2025-05-09 18:00:00,2893.0,2465.0,,,,,
2025-05-09 18:10:00,2872.0,,,,,,
2025-05-09 18:20:00,2829.0,,,,,,
2025-05-09 18:30:00,2799.0,,,,,,
2025-05-09 18:40:00,2765.0,,,,,,
2025-05-09 18:50:00,2793.0,,,,,,
2025-05-09 19:00:00,2808.0,2474.0,,,,,
2025-05-09 19:10:00,2808.0,,,,,,
2025-05-09 19:20:00,2818.0,,,,,,
2025-05-09 19:30:00,2820.0,,,,,,
2025-05-09 19:40:00,2833.0,,,,,,
2025-05-09 19:50:00,2819.0,,,,,,
2025-05-09 20:00:00,2790.0,2482.0,,,,,
2025-05-09 20:10:00,2778.0,,,,,,
2025-05-09 20:20:00,2786.0,,,,,,
2025-05-09 20:30:00,2751.0,,,,,,
2025-05-09 20:40:00,2719.0,,,,,,
2025-05-09 20:50:00,2709.0,,,,,,
2025-05-09 21:00:00,2649.0,2488.0,,,,,
2025-05-09 21:10:00,2561.0,,,,,,
2025-05-09 21:20:00,2534.0,,,,,,
2025-05-09 21:30:00,2542.0,,,,,,
2025-05-09 21:40:00,2531.0,,,,,,
2025-05-09 21:50:00,2501.0,,,,,,
2025-05-09 22:00:00,2469.0,2495.0,,,,,
2025-05-09 22:10:00,2379.0,,,,,,
2025-05-09 22:20:00,2358.0,,,,,,
2025-05-09 22:30:00,2329.0,,,,,,
2025-05-09 22:40:00,2261.0,,,,,,
2025-05-09 22:50:00,2227.0,,,,,,
2025-05-09 23:00:00,2196.0,2504.0,,,,,
2025-05-09 23:10:00,2166.0,,,,,,
2025-05-09 23:20:00,2163.0,,,,,,
2025-05-09 23:30:00,2154.0,,,,,,
2025-05-09 23:40:00,2116.0,,,,,,
2025-05-09 23:50:00,2083.0,,,,,,
2025-05-10 00:00:00,2060.0,2511.0,78788.0,59.0,-15.0,,
2025-05-10 00:10:00,2035.0,,,,,,
2025-05-10 00:20:00,2034.0,,,,,,
2025-05-10 00:30:00,2048.0,,,,,,
2025-05-10 00:40:00,2052.0,,,,,,
2025-05-10 00:50:00,2094.0,,,,,,
2025-05-10 01:00:00,2123.0,2516.0,,,,,
2025-05-10 01:10:00,2165.0,,,,,,
2025-05-10 01:20:00,2198.0,,,,,,
2025-05-10 01:30:00,2230.0,,,,,,
2025-05-10 01:40:00,2241.0,,,,,,
2025-05-10 01:50:00,2239.0,,,,,,
2025-05-10 02:00:00,2258.0,2530.0,,,,,
2025-05-10 02:10:00,2254.0,,,,,,
2025-05-10 02:20:00,2284.0,,,,,,
2025-05-10 02:30:00,2366.0,,,,,,
2025-05-10 02:40:00,2382.0,,,,,,
2025-05-10 02:50:00,2419.0,,,,,,
2025-05-10 03:00:00,2393.0,2546.0,,,,,
2025-05-10 03:10:00,2383.0,,,,,,
2025-05-10 03:20:00,2381.0,,,,,,
2025-05-10 03:30:00,2403.0,,,,,,
2025-05-10 03:40:00,2422.0,,,,,,
2025-05-10 03:50:00,2454.0,,,,,,
2025-05-10 04:00:00,2460.0,2566.0,,,,,
2025-05-10 04:10:00,2451.0,,,,,,
2025-05-10 04:20:00,2475.0,,,,,,
2025-05-10 04:30:00,2490.0,,,,,,
2025-05-10 04:40:00,2503.0,,,,,,
2025-05-10 04:50:00,2489.0,,,,,,
2025-05-10 05:00:00,2463.0,2587.0,,,,,
2025-05-10 05:10:00,2465.0,,,,,,
2025-05-10 05:20:00,2480.0,,,,,,
2025-05-10 05:30:00,2490.0,,,,,,
2025-05-10 05:40:00,2508.0,,,,,,
2025-05-10 05:50:00,2484.0,,,,,,
2025-05-10 06:00:00,2478.0,2612.0,,,,,
2025-05-10 06:10:00,2444.0,,,,,,
2025-05-10 06:20:00,2461.0,,,,,,
2025-05-10 06:30:00,2465.0,,,,,,
2025-05-10 06:40:00,2455.0,,,,,,
2025-05-10 06:50:00,2428.0,,,,,,
2025-05-10 07:00:00,2470.0,2641.0,,,,,
2025-05-10 07:10:00,2484.0,,,,,,
2025-05-10 07:20:00,2497.0,,,,,,
2025-05-10 07:30:00,2480.0,,,,,,
2025-05-10 07:40:00,2501.0,,,,,,
2025-05-10 07:50:00,2555.0,,,,,,
2025-05-10 08:00:00,2608.0,2667.0,,,,,
2025-05-10 08:10:00,2628.0,,,,,,
2025-05-10 08:20:00,2631.0,,,,,,
2025-05-10 08:30:00,2646.0,,,,,,
2025-05-10 08:40:00,2673.0,,,,,,
2025-05-10 08:50:00,2699.0,,,,,,
2025-05-10 09:00:00,2707.0,2695.0,,,,,
2025-05-10 09:10:00,2740.0,,,,,,
2025-05-10 09:20:00,2757.0,,,,,,
2025-05-10 09:30:00,2789.0,,,,,,
2025-05-10 09:40:00,2799.0,,,,,,
2025-05-10 09:50:00,2857.0,,,,,,
2025-05-10 10:00:00,2854.0,2717.0,,,,,
2025-05-10 10:10:00,2823.0,,,,,,
2025-05-10 10:20:00,2786.0,,,,,,
2025-05-10 10:30:00,2791.0,,,,,,
2025-05-10 10:40:00,2845.0,,,,,,
2025-05-10 10:50:00,2869.0,,,,,,
2025-05-10 11:00:00,2882.0,2740.0,,,,,
2025-05-10 11:10:00,2872.0,,,,,,
2025-05-10 11:20:00,2883.0,,,,,,
2025-05-10 11:30:00,2927.0,,,,,,
2025-05-10 11:40:00,3039.0,,,,,,
2025-05-10 11:50:00,3085.0,,,,,,
2025-05-10 12:00:00,3145.0,2765.0,,,,,
2025-05-10 12:10:00,3193.0,,,,,,
2025-05-10 12:20:00,3214.0,,,,,,
2025-05-10 12:30:00,3255.0,,,,,,
2025-05-10 12:40:00,3330.0,,,,,,
2025-05-10 12:50:00,3409.0,,,,,,
2025-05-10 13:00:00,3495.0,2794.0,,,,,
2025-05-10 13:10:00,3531.0,,,,,,
2025-05-10 13:20:00,3600.0,,,,,,
2025-05-10 13:30:00,3663.0,,,,,,
2025-05-10 13:40:00,3745.0,,,,,,
2025-05-10 13:50:00,3813.0,,,,,,
2025-05-10 14:00:00,3842.0,2820.0,,,,,
2025-05-10 14:10:00,3893.0,,,,,,
2025-05-10 14:20:00,3946.0,,,,,,
2025-05-10 14:30:00,3964.0,,,,,,
2025-05-10 14:40:00,3985.0,,,,,,
2025-05-10 14:50:00,3998.0,,,,,,
2025-05-10 15:00:00,4017.0,2847.0,,,,,
2025-05-10 15:10:00,4002.0,,,,,,
2025-05-10 15:20:00,3941.0,,,,,,
2025-05-10 15:30:00,3947.0,,,,,,
2025-05-10 15:40:00,3931.0,,,,,,
2025-05-10 15:50:00,3881.0,,,,,,
2025-05-10 16:00:00,3834.0,2867.0,,,,,
2025-05-10 16:10:00,3809.0,,,,,,
2025-05-10 16:20:00,3766.0,,,,,,
2025-05-10 16:30:00,3717.0,,,,,,
2025-05-10 16:40:00,3735.0,,,,,,
2025-05-10 16:50:00,3734.0,,,,,,
2025-05-10 17:00:00,3711.0,2892.0,,,,,
2025-05-10 17:10:00,3654.0,,,,,,
2025-05-10 17:20:00,3584.0,,,,,,
2025-05-10 17:30:00,3531.0,,,,,,
2025-05-10 17:40:00,3464.0,2892.0,,,,,
2025-05-10 17:41:26,,,,,,"53,39","53,39"
2025-05-10 17:41:26,,,,,,,"53,39"
